RTTFC,5023176,51.35637,-0.79874,6550,-960,0,287.42,197.00,EIN7LP,A320,EI-DVE,ORK,LHR,1648671967.5,X2,EI724,adsb_icao,6350,187,202,0.316,0.0,0.4,290.04,290.30,-992,none,A3,1006.4,4992,37008,289.69,,0.0,-8.8,358,11,-1,-1,1,73753
RTTFC,4348098,53.36323,-2.25783,0,0,1,239.06,12.20,SERVICE VEH RANGER5,,,,,1648671967.3,X2,SERVICE VEH,adsb_icao_nt,-1,-1,-1,-1.000,-1.0,-1.0,-1.00,-1.00,-1,,C2,-1.0,-1,-1,-1.00,,0.2,-12.8,-1,-1,-1,-1,1,271955
RTTFC,4348100,53.35561,-2.26224,0,0,1,47.81,26.50,SERVICE VEH RANGER 7,,,,,1648671952.2,X2,SERVICE VEH,adsb_icao_nt,-1,-1,-1,-1.000,-1.0,-1.0,-1.00,-1.00,-1,,C2,-1.0,-1,-1,-1.00,,15.3,-26.9,-1,-1,-1,-1,1,271779
RTTFC,4196346,51.47658,-1.11185,13225,2368,0,295.80,268.80,BAW5VY,B772,G-YMMO,LHR,YVR,1648671967.5,X2,BA85,adsb_icao,12825,249,476,0.476,-1.0,0.0,294.96,295.10,2400,none,A5,1012.8,20000,-1,295.31,,0.0,-10.7,-1,-1,385,415,1,120515
RTTFC,10500058,52.82808,-1.31977,0,0,1,0.00,0.00,@@@@@@@@,B763,N113FE,EMA,,1648671962.6,X2,@@@@@@@@,adsb_icao,-1,-1,-1,-1.000,-1.0,-1.0,-1.00,-1.00,-1,none,,-1.0,-1,-1,-1.00,,4.9,-7.8,-1,-1,-1,-1,1,17902
RTTFC,5022998,52.90517,-1.86714,7475,-2240,0,168.34,286.90,BCS2883,A306,EI-OZM,DUB,EMA,1648671967.5,X2,QY2883,adsb_icao,7275,254,276,0.440,0.8,11.3,167.87,167.59,-2240,none,A5,-1.0,6016,-1,170.16,,0.0,-4.2,7,12,-14,-4,1,73545
RTTFC,4195603,53.49234,-2.91412,31900,0,0,303.65,366.40,AWC2A,B734,G-POWS,STN,BFS,1648671967.5,X2,AWC2A,adsb_icao,30625,269,428,0.744,0.0,-0.9,305.16,304.41,0,none,A3,-1.0,32000,-1,305.16,,0.0,-8.3,309,62,-55,-31,1,119878
RTTFC,4348096,53.35828,-2.27324,0,0,1,146.25,10.80,SERVICE VEH RANGER3,,,,,1648671958.2,X2,SERVICE VEH,adsb_icao_nt,-1,-1,-1,-1.000,-1.0,-1.0,-1.00,-1.00,-1,,C2,-1.0,-1,-1,-1.00,,9.3,-26.2,-1,-1,-1,-1,1,271858
RTTFC,3755017,51.46820,-0.45764,0,0,1,0.00,0.00,AFR58XN,A321,F-GTAJ,CDG,LHR,1648671966.8,X2,AF1380,adsb_icao,-1,-1,-1,-1.000,-1.0,-1.0,-1.00,-1.00,-1,,A0,-1.0,-1,-1,-1.00,,0.7,-6.5,-1,-1,-1,-1,1,260965
RTTFC,4694405,51.71439,0.88321,20675,960,0,25.82,378.80,NOZ7YW,B738,LN-ENT,LGW,SVG,1648671967.3,X2,DY1337,adsb_icao,20025,277,370,0.612,0.0,-0.2,20.21,21.00,992,none,A3,1013.6,21696,21008,19.69,,0.0,-16.7,278,33,-32,-14,1,36072
RTTFC,4196734,52.04096,-1.22063,14775,-2624,0,139.54,393.00,SHT88C,A320,G-EUUC,BHD,LHR,1648671967.2,X2,BA1417,adsb_icao,14400,298,362,0.588,0.0,0.5,144.32,144.35,-2624,none,A3,1012.8,8992,-1,-1.00,,0.0,-8.9,276,44,-24,-6,1,120872
RTTFC,4225327,51.50312,-0.55573,7525,-1024,0,309.41,225.20,BAW27FC,A20N,G-TTNL,FNC,LHR,1648671967.2,X2,BA2781,adsb_icao,7275,214,236,0.372,-0.1,0.5,309.90,310.23,-1024,none,A3,1006.4,4992,-1,310.08,,0.0,-8.5,327,11,-1,-1,1,149467
RTTFC,5025740,51.69095,1.15006,18525,-1088,0,265.43,288.90,SAS815,A20N,EI-SIG,OSL,LHR,1648671967.3,X2,SK815,adsb_icao,17950,249,322,0.528,0.4,5.1,266.48,267.36,-1184,none,A3,1013.6,14016,-1,0.00,,0.0,-9.7,285,35,-28,-15,1,76386
RTTFC,4344415,51.47585,-0.42980,0,0,1,0.00,0.00,SERVICE VEH OPS3,,,,,1648671966.1,X2,SERVICE VEH,adsb_icao_nt,-1,-1,-1,-1.000,-1.0,-1.0,-1.00,-1.00,-1,,C2,-1.0,-1,-1,-1.00,,0.5,-26.6,-1,-1,-1,-1,1,268021
RTTFC,4225037,51.64165,0.08896,9000,-64,0,264.12,234.20,BAW781C,A21N,G-NEOX,ARN,LHR,1648671967.1,X2,BA781,adsb_icao,8675,220,246,0.392,-0.1,0.2,265.08,265.61,-64,none,A3,1013.6,8992,-1,265.08,,0.0,-9.6,290,13,-15,-7,1,149141
RTTFC,4921345,51.46833,-0.45113,0,0,1,0.00,0.00,CHEERIO,BCS3,HB-JCJ,LHR,,1648671921.6,X2,CHEERIO,adsb_icao,-1,-1,-1,-1.000,-1.0,-1.0,-1.00,0.00,-1,,A3,-1.0,-1,-1,-1.00,,45.9,-13.0,-1,-1,-1,-1,1,262609
RTTFC,5023291,53.64560,-5.66887,15950,-1024,0,258.12,354.60,EIN69Y,A320,EI-FNJ,DUS,DUB,1648671967.4,X2,EI699,adsb_icao,15500,303,372,0.608,-0.0,-0.2,267.19,265.36,-1024,none,A3,1012.8,8000,-1,-1.00,,0.1,-13.2,331,49,-27,-8,1,73996
RTTFC,4344417,51.47585,-0.42971,0,0,1,0.00,0.00,SERVICE VEH ASD,SERV,LDR7,,,1648671967.2,X2,SERVICE VEH,adsb_icao_nt,-1,-1,-1,-1.000,-1.0,-1.0,-1.00,-1.00,-1,,C2,-1.0,-1,-1,-1.00,,0.3,-30.0,-1,-1,-1,-1,1,268023
RTTFC,3753205,50.82655,1.38769,36000,-288,0,319.74,402.30,AFR95UF,A319,F-GRHV,CDG,DUB,1648671967.5,X2,AF1016,adsb_icao,34775,252,432,0.764,-0.0,-0.4,316.41,317.41,0,,A0,1001.0,36000,-1,-1.00,,0.0,-12.9,289,34,-63,-38,1,259874
RTTFC,5023589,51.33247,-1.30077,18000,64,0,103.43,344.40,RYR17SH,B738,EI-EFJ,ORK,STN,1648671967.3,X2,FR906,adsb_icao,17500,244,314,0.512,-0.0,0.2,105.64,105.73,32,none,A3,1013.6,18016,18000,104.77,,0.0,-11.9,261,33,-25,-12,1,74129
RTTFC,4344424,51.47416,-0.46187,0,0,1,320.62,12.80,SERVICE VEH ASD,SERV,LDR4,,,1648671967.2,X2,SERVICE VEH,adsb_icao_nt,-1,-1,-1,-1.000,-1.0,-1.0,-1.00,-1.00,-1,,C2,-1.0,-1,-1,-1.00,,0.3,-8.4,-1,-1,-1,-1,1,268362
RTTFC,5023296,53.57087,-6.30688,6575,-640,0,257.35,260.30,EIN65T,A320,EI-DVH,FRA,DUB,1648671967.5,X2,EI657,adsb_icao,6550,225,242,0.384,0.0,0.9,265.25,263.20,-608,none,A3,1012.0,4000,-1,-1.00,,0.0,-6.4,27,31,-11,-2,1,73906
RTTFC,5023586,53.29826,-3.42224,31000,0,0,101.36,431.50,RYR1MK,B738,EI-EFG,DUB,STN,1648671967.1,X2,FR272,adsb_icao,29900,231,366,0.632,0.0,-0.2,103.18,102.26,0,none,A3,1013.6,31008,31008,101.95,,0.0,-6.9,276,66,-52,-35,1,74211
RTTFC,4225860,50.64185,-1.88228,3225,64,0,318.26,174.20,GMA693,BE20,G-GMAF,GCI,BOH,1648671967.1,X2,GMA693,adsb_icao,3075,178,-1,0.284,-1.0,-1.0,316.76,316.72,128,none,A1,-1.0,3008,3008,-1.00,,0.2,-6.9,-1,-1,-1,-1,1,149958
RTTFC,4344419,51.47588,-0.42994,0,0,1,0.00,0.00,SERVICE VEH ASD,SERV,LDR9,,,1648671966.1,X2,SERVICE VEH,adsb_icao_nt,-1,-1,-1,-1.000,-1.0,-1.0,-1.00,-1.00,-1,,C2,-1.0,-1,-1,-1.00,,1.4,-30.4,-1,-1,-1,-1,1,268025
RTTFC,5243092,52.01449,-0.41717,5200,-128,0,240.62,254.80,T7KPC,E35L,T7-KPC,LBG,LTN,1648671967.4,X2,T7KPC,adsb_icao,5000,221,-1,0.368,-1.0,-1.0,245.39,245.72,-1,none,A2,1006.4,4992,-1,-1.00,,0.0,-5.6,-1,-1,-1,-1,1,2508
RTTFC,4344427,51.46786,-0.43434,0,0,1,340.31,19.50,SERVICE VEH ASD,SERV,LDR3,,,1648671966.3,X2,SERVICE VEH,adsb_icao_nt,-1,-1,-1,-1.000,-1.0,-1.0,-1.00,-1.00,-1,,C2,-1.0,-1,-1,-1.00,,1.2,-32.0,-1,-1,-1,-1,1,268392
RTTFC,4198146,51.03145,-0.33456,4975,-896,0,273.59,255.50,EZY48XL,A319,G-EZBH,AMS,LGW,1648671967.5,X2,U28884,adsb_icao,4800,246,260,0.408,0.0,0.7,275.45,275.90,-992,none,A3,1004.0,3008,-1,274.92,vnav,0.0,-5.5,346,11,-6,3,1,122280
RTTFC,5023822,51.96757,0.85788,11200,-1024,0,260.77,280.60,RYR4BN,B738,EI-EMF,JTR,STN,1648671967.1,X2,FR2907,adsb_icao,10800,261,302,0.480,0.0,0.2,265.25,266.02,-992,none,A3,1013.6,8992,6000,265.08,,0.1,-10.6,315,34,-12,0,1,74455
RTTFC,11424972,54.45378,-3.29598,2250,0,0,314.47,229.80,STRIX67,C30J,12-5759,MHZ,,1648671966.4,X2,STRIX67,adsb_icao,2325,-1,-1,-1.000,-1.0,-1.0,-1.00,-1.00,1472,none,A3,1008.8,-1,1216,61.17,lnav|tcas,1.1,-17.1,-1,-1,-1,-1,1,69846
RTTFC,3416208,53.37684,-2.22804,3200,2304,0,49.30,122.70,IBS3693,A320,EC-ILR,MAN,MAD,1648671967.2,X2,IB3693,adsb_icao,3150,147,152,0.236,0.0,0.4,52.38,51.91,2368,none,A3,1010.4,4992,-1,-1.00,,0.0,-4.0,62,29,-1,-1,1,213498
RTTFC,4741001,51.82201,1.73718,31500,1056,0,261.03,436.30,KLM701,B789,PH-BHO,AMS,EZE,1648671967.1,X2,KL701,adsb_icao,30475,312,484,0.844,0.0,0.2,262.27,263.33,960,none,A5,1012.8,34016,-1,262.27,autopilot|vnav|lnav|tcas,0.1,-8.0,283,51,-57,-26,1,82962
RTTFC,5023831,53.44157,-4.72585,27000,0,0,78.07,382.30,RYR48HR,B738,EI-EMO,DUB,NCL,1648671967.2,X2,FR174,adsb_icao,26100,234,346,0.588,0.0,0.2,75.23,73.80,0,none,A3,1013.6,27008,27008,92.11,,0.0,-11.0,293,45,-45,-29,1,74384
RTTFC,4225490,53.83008,-2.57543,35000,-64,0,153.49,492.80,CFE772,E190,G-LCAG,GLA,LCY,1648671967.1,X2,CJ772,adsb_icao,33600,263,446,0.776,0.0,0.0,161.02,160.34,-64,none,A3,1013.6,35008,35008,-1.00,autopilot|althold|tcas,0.0,-10.6,286,73,-56,-29,1,149741
RTTFC,4225491,53.52644,-6.60577,6025,-1728,0,250.85,277.40,CFE221,E190,G-LCAH,LCY,DUB,1648671967.3,X2,CJ221,adsb_icao,5975,242,258,0.408,-1.6,-23.4,259.98,257.82,-1696,none,A3,1012.0,3008,4096,-1.00,autopilot|tcas,0.0,-4.8,23,30,-10,-1,1,149624
RTTFC,4218641,51.87539,0.22038,0,0,1,0.00,0.00,EZY703H,A320,G-EZTA,STN,GLA,1648671963.2,X2,U2215,adsb_icao,-1,-1,-1,-1.000,-1.0,-1.0,-1.00,39.38,-1,none,A3,-1.0,-1,-1,-1.00,,0.7,-11.6,-1,-1,-1,-1,1,142247
RTTFC,4768047,55.46246,-2.78836,14700,-1856,0,307.05,312.00,RYR6HJ,B738,SP-RKP,BUD,EDI,1648671967.5,X2,FR1018,adsb_icao,14125,270,324,0.532,0.0,0.4,312.54,311.58,-1856,none,A3,1013.6,7200,7344,312.89,,0.0,-11.3,14,28,-29,-15,1,109930
RTTFC,5023828,51.89413,0.26059,0,0,1,0.00,0.00,RYR81VT,B738,EI-EML,STN,OPO,1648671943.3,X2,FR8347,adsb_icao,-1,-1,-1,-1.000,-1.0,-1.0,-1.00,315.00,-1,none,A3,-1.0,-1,-1,-1.00,,1.2,-14.7,-1,-1,-1,-1,1,73921
RTTFC,5030895,51.95267,-2.45552,36000,64,0,289.92,440.30,ABD616,B744,TF-AAK,MST,JFK,1648671967.3,X2,CC616,adsb_icao,34775,287,488,0.856,-0.1,-0.4,291.45,291.05,64,none,A5,1013.6,36000,-1,291.09,,0.0,-14.7,301,49,-59,-28,1,81717
RTTFC,4740985,53.18568,-1.05885,41000,-64,0,98.78,471.50,KLM942,E75L,PH-EXS,DUB,AMS,1648671967.2,X2,KL942,adsb_icao,39725,221,432,0.752,0.0,-0.4,98.96,98.93,-32,none,A3,1013.6,41024,41008,-1.00,autopilot|althold|tcas,0.0,-9.2,277,40,-56,-31,1,82818
RTTFC,4347985,53.36134,-2.27186,0,0,1,0.00,0.00,,TWR,TWR,,,1648671966.1,X2,TWR,adsb_icao_nt,-1,-1,-1,-1.000,-1.0,-1.0,-1.00,-1.00,-1,,,-1.0,-1,-1,-1.00,,1.4,-3.7,-1,-1,-1,-1,1,271591
RTTFC,4347984,53.35771,-2.27953,0,0,1,0.00,0.00,,TWR,TWR,,,1648671966.3,X2,TWR,adsb_icao_nt,-1,-1,-1,-1.000,-1.0,-1.0,-1.00,-1.00,-1,,,-1.0,-1,-1,-1.00,,1.2,-5.2,-1,-1,-1,-1,1,271590
RTTFC,4347987,53.32989,-2.31364,0,0,1,0.00,0.00,,TWR,TWR,,,1648671967.2,X2,TWR,adsb_icao_nt,-1,-1,-1,-1.000,-1.0,-1.0,-1.00,-1.00,-1,,,-1.0,-1,-1,-1.00,,0.3,-18.2,-1,-1,-1,-1,1,271593
RTTFC,4805315,50.50946,-1.25348,23300,-2304,0,18.87,414.30,TAP135Y,A20N,CS-TVC,LIS,LHR,1648671967.4,X2,TP1358,adsb_icao,22750,300,416,0.696,0.0,0.2,15.82,15.99,-2336,none,A3,1012.8,12992,-1,-1.00,,0.0,-9.7,292,21,-38,-15,1,147011
RTTFC,4075992,51.87323,-0.37658,700,-64,0,74.23,88.30,DIKBO,C25A,D-IKBO,AMS,,1648671958.8,X2,DIKBO,adsb_icao,675,99,122,0.152,-1.0,0.0,68.55,68.91,64,none,A1,1006.4,3008,-1,73.83,,0.1,-13.9,24,20,-1,-1,1,290931
RTTFC,4347986,53.34093,-2.28328,0,0,1,0.00,0.00,,TWR,TWR,,,1648671966.7,X2,TWR,adsb_icao_nt,-1,-1,-1,-1.000,-1.0,-1.0,-1.00,-1.00,-1,,,-1.0,-1,-1,-1.00,,0.8,-3.6,-1,-1,-1,-1,1,271592
RTTFC,4736066,53.34165,-1.49681,13500,-2304,0,259.66,334.40,KLM59W,B738,PH-BXU,AMS,MAN,1648671967.3,X2,KL1083,adsb_icao,12850,301,354,0.580,-0.8,-12.3,263.50,263.30,-1984,,A0,1013.2,9008,-1,-1.00,,0.0,-7.3,304,26,-28,-11,1,77923
RTTFC,4740984,51.73654,-1.38918,36000,-64,0,276.02,381.10,KLM1089,E75L,PH-EXR,AMS,ORK,1648671967.0,X2,KL1089,adsb_icao,34850,249,428,0.752,0.0,-0.2,279.67,279.67,-32,none,A3,1013.6,36000,36000,-1.00,autopilot|vnav|tcas,0.1,-9.6,308,52,-60,-36,1,82905
RTTFC,4221493,51.47133,-0.48358,0,0,1,0.00,0.00,BAW61,B77W,G-STBJ,LHR,MLE,1648671967.4,X2,BA61,adsb_icao,-1,-1,-1,-1.000,-1.0,-1.0,-1.00,177.19,-1,none,A5,-1.0,-1,-1,-1.00,,0.1,-7.8,-1,-1,-1,-1,1,145099
RTTFC,262514,51.46322,-0.47078,0,0,1,0.00,21.50,ET701,A359,ET-AWO,LHR,ADD,1648671967.2,X2,ET701,adsb_icao,-1,-1,-1,-1.000,-1.0,-1.0,-1.00,270.00,-1,none,A5,-1.0,-1,-1,-1.00,,0.3,-4.1,-1,-1,-1,-1,1,262535
RTTFC,4222352,52.20223,-0.23956,8000,64,0,204.12,252.00,EZY87YH,A320,G-EZOK,AGP,LTN,1648671967.5,X2,U22404,adsb_icao,7725,222,244,0.388,-2.1,-25.0,226.58,226.96,0,none,A3,1013.6,8000,-1,194.77,,0.0,-8.0,3,7,-1,-1,1,146414
RTTFC,3433813,51.46743,-0.48076,0,0,1,0.00,0.00,IBE31SP,A359,EC-NLP,LHR,MAD,1648671943.4,X2,IB3179,adsb_icao,-1,-1,-1,-1.000,-1.0,-1.0,-1.00,270.00,-1,none,A5,-1.0,-1,-1,-1.00,,4.1,-14.6,-1,-1,-1,-1,1,230932
RTTFC,4224716,51.46481,-0.46803,275,320,0,90.00,140.00,BAW312,A20N,G-TTNI,LHR,AMM,1648671967.0,X2,BA312,adsb_icao,275,-1,-1,-1.000,-1.0,-1.0,-1.00,87.19,-1,none,A3,1006.4,6016,-1,-1.00,,0.0,-3.8,-1,-1,-1,-1,1,148552
RTTFC,4220228,52.88246,-3.01613,37350,1536,0,12.50,415.90,EZY172F,A320,G-EZUK,BRS,EDI,1648671967.2,X2,U2431,adsb_icao,36200,246,440,0.768,0.5,11.8,9.49,8.78,1504,none,A0,1013.6,38016,-1,0.00,,0.0,-10.5,326,34,-57,-31,1,144261
RTTFC,4215893,51.46683,-0.48767,0,0,1,18.46,2.80,BAW602,A320,G-EUUU,LHR,MXP,1648671948.4,X2,BA602,adsb_icao,-1,-1,442,-1.000,0.0,0.2,-1.00,180.00,-1,none,A3,-1.0,-1,-1,-1.00,,19.1,-13.4,-1,-1,-1,-1,1,139519
RTTFC,4441275,50.68097,-2.31926,1100,-253,0,222.00,145.00,SHF427,H47,ZA681,QLA,,1648671967.3,X2,SHF 427,mlat,-1,-1,-1,-1.000,-1.0,-1.0,-1.00,-1.00,-1,,A7,-1.0,-1,-1,-1.00,,0.2,-6.7,-1,-1,-1,-1,1,74077
RTTFC,4490339,51.34163,1.39281,27075,-1056,0,99.33,437.80,OOACC,C25A,OO-ACC,EMA,,1648671967.5,X2,OOACC,adsb_icao,26250,275,398,0.692,0.0,0.0,100.02,101.00,-1024,none,A1,1012.8,24000,-1,99.84,,0.0,-12.3,263,42,-55,-34,1,123310
RTTFC,4768035,52.02753,1.61656,39000,0,0,80.40,473.60,RYR6KG,B738,SP-RKD,SNN,WMI,1648671967.3,X2,FR8878,adsb_icao,37725,233,432,0.756,0.0,-0.2,78.05,79.04,32,none,A3,1013.6,39008,39008,75.94,,0.0,-7.9,274,43,-58,-34,1,109852
RTTFC,4738789,53.42051,0.65062,40000,0,0,285.79,411.50,KLM49J,B738,PH-HSE,AMS,GLA,1648671967.4,X2,KL1481,adsb_icao,38425,242,460,0.800,-0.0,-0.4,287.58,288.13,0,,A0,1013.2,40000,-1,-1.00,,0.0,-10.5,307,52,-55,-28,1,80749
RTTFC,4220778,51.50503,0.06163,0,0,1,93.73,28.50,CFE18M,E190,G-LCYR,EDI,LCY,1648671964.9,X2,BA8719,adsb_icao,200,135,-1,0.208,-0.0,0.9,87.01,92.81,-1152,none,A3,1006.4,2016,-1,-1.00,approach,2.6,-19.8,-1,-1,-1,-1,1,144505
RTTFC,4456546,53.49211,0.05202,38975,128,0,112.00,477.80,EJU47ED,A320,OE-IVF,EDI,MXP,1648671967.5,X2,U22686,adsb_icao,37575,231,430,0.748,0.1,0.4,112.15,112.48,128,none,A3,1012.8,39008,-1,-1.00,,0.0,-13.0,287,48,-56,-31,1,89570
RTTFC,4224436,52.60561,-5.94452,38000,0,0,287.95,444.60,VIR25B,A35K,G-VPOP,LHR,JFK,1648671967.4,X2,VS25,adsb_icao,36975,272,488,0.852,0.0,0.0,293.55,291.78,0,none,A5,1013.6,38016,36000,293.20,,0.0,-9.5,324,53,-57,-26,1,148773
RTTFC,4195948,52.82703,-1.53130,2750,-704,0,88.08,149.10,DHK2135,B752,G-BMRJ,EDI,EMA,1648671967.4,X2,D02135,adsb_icao,2700,167,170,0.264,-0.1,0.5,82.09,81.94,-736,none,A4,1008.0,2016,-1,84.38,approach|tcas,0.0,-12.9,46,27,-1,-1,1,119791
RTTFC,4223354,55.87661,-4.42452,0,-128,1,45.84,23.50,EXS45EJ,B738,G-JZBM,LCA,,1648671967.3,X2,EXS45EJ,adsb_icao,275,-1,-1,-1.000,-1.0,-1.0,-1.00,45.00,-1,none,A3,1015.0,3008,3008,49.92,,0.2,-8.8,-1,-1,-1,-1,1,147028
RTTFC,4768301,53.12807,1.85233,38975,-64,0,94.32,478.40,RYR9KY,B738,SP-RSN,DUB,WMI,1648671967.1,X2,FR8011,adsb_icao,37550,231,430,0.748,0.0,-0.2,93.69,94.68,-64,none,A3,1013.6,39008,39008,92.81,,0.0,-10.3,271,48,-56,-31,1,110137
RTTFC,4221066,50.38833,-1.44092,24725,-1920,0,24.91,387.00,BAW2723,A320,G-EUYO,AGP,LHR,1648671967.3,X2,BA2723,adsb_icao,24250,270,384,0.648,0.0,0.5,22.68,22.80,-1920,none,A3,1012.8,12992,-1,-1.00,,0.1,-5.0,282,15,-42,-22,1,145083
RTTFC,5022513,53.30937,-5.94117,100,64,0,0.00,1.20,AW276,A139,276,,,1648671963.2,X2,AW276,adsb_icao,275,-1,-1,-1.000,-1.0,-1.0,-1.00,-1.00,-1,none,A7,1012.0,1504,-1,-1.00,,0.9,-25.3,-1,-1,-1,-1,1,72607
RTTFC,4439920,52.82758,-1.32622,0,0,1,0.00,0.00,00000000,,,,,1648671954.9,X2,00000000,mlat,-1,-1,-1,-1.000,-1.0,-1.0,-1.00,-1.00,-1,,,-1.0,-1,-1,-1.00,,0.1,-6.1,-1,-1,-1,-1,1,72355
RTTFC,7389437,51.15309,0.34744,16325,928,0,90.00,396.00,OMA102,B789,A4O-SG,LHR,MCT,1648671967.4,X2,WY102,adsb_icao,15800,290,362,0.588,0.0,-0.2,90.00,90.65,896,none,A5,1012.8,18016,-1,90.00,autopilot|vnav|tcas,0.0,-9.7,263,34,-24,-6,1,110648
RTTFC,5022965,51.87181,1.99623,19475,-1344,0,290.82,281.40,RYR4GG,B738,EI-DPR,PRG,STN,1648671967.5,X2,FR1375,adsb_icao,18800,244,320,0.528,0.0,0.0,290.74,291.89,-1280,none,A3,1013.6,12000,18000,289.69,,0.0,-14.2,299,41,-31,-18,1,73629
RTTFC,5022964,53.74693,-4.38072,29750,-960,0,269.48,330.00,RYR3FR,B738,EI-DPP,STN,DUB,1648671967.4,X2,FR293,adsb_icao,28650,245,380,0.652,0.0,-0.2,279.67,278.33,-992,none,A3,1013.6,18016,8000,279.14,,0.1,-11.9,322,74,-49,-30,1,73656
RTTFC,4768307,51.39307,-2.89513,7475,2944,0,342.33,214.10,RYR2Q,B738,SP-RSU,BRS,,1648671967.1,X2,RYR2Q,adsb_icao,7275,212,234,0.368,2.5,28.0,345.76,345.29,2976,none,A3,1013.6,10016,35008,80.86,,0.0,-6.7,9,22,-1,-1,1,110127
RTTFC,4459660,51.62054,-0.13607,8775,-1024,0,265.62,235.70,AUA4AB,A321,OE-LBA,VIE,LHR,1648671967.3,X2,OS457,adsb_icao,8475,220,246,0.392,0.1,2.1,269.65,270.11,-1056,none,A3,1012.8,8000,-1,270.00,,0.0,-9.1,333,24,-15,-7,1,92595
RTTFC,4741236,55.11868,2.65934,36000,64,0,294.93,391.50,KLM1451,E75L,PH-EXX,AMS,ABZ,1648671967.5,X2,KL1451,adsb_icao,34225,247,430,0.748,-0.0,-0.2,297.25,298.39,96,none,A3,1013.6,36000,36000,-1.00,autopilot|vnav|tcas,0.0,-18.0,329,46,-56,-31,1,83185
RTTFC,4221073,52.72106,-6.77174,38000,0,0,287.83,447.50,BAW99,B788,G-ZBJD,LHR,YYZ,1648671967.5,X2,BA99,adsb_icao,37075,269,482,0.844,0.0,-0.2,294.79,292.68,-64,none,A5,1012.8,38016,-1,293.20,autopilot|vnav|lnav|tcas,0.0,-7.0,339,52,-58,-28,1,145413
RTTFC,4224813,54.37990,-5.24447,20150,-2176,0,280.76,305.40,EZY893F,A20N,G-UZHX,LGW,BFS,1648671967.3,X2,U2839,adsb_icao,19400,264,346,0.576,0.0,0.0,287.93,286.16,-2176,none,A3,1012.8,8000,-1,-1.00,,0.0,-10.2,321,51,-36,-20,1,149004
RTTFC,3772904,53.22821,-2.52497,3775,-896,0,21.53,193.50,AFR62GQ,A320,F-HEPI,CDG,MAN,1648671967.4,X2,AF1268,adsb_icao,3775,213,218,0.344,1.7,16.0,25.14,24.58,-832,none,A3,1010.4,3008,-1,16.88,,0.0,-6.2,64,33,-1,-1,1,279066
RTTFC,4225103,54.66196,-6.20842,0,0,1,0.00,0.00,RVR999A,PC12,G-LUSO,,,1648671965.5,X2,RVR999A,adsb_icao,-1,-1,-1,-1.000,-1.0,-1.0,-1.00,61.88,-1,none,A1,-1.0,-1,-1,-1.00,,0.6,-6.7,-1,-1,-1,-1,1,148709
RTTFC,7569495,51.46939,-0.44413,0,0,1,0.00,0.00,ELY317,B739,4X-EHI,TLV,LHR,1648671948.0,X2,LY317,adsb_icao,-1,-1,-1,-1.000,-1.0,-1.0,-1.00,90.00,-1,none,A3,-1.0,-1,-1,-1.00,,19.5,-11.5,-1,-1,-1,-1,1,290220
RTTFC,5024949,51.48561,-0.82970,4150,-704,0,121.26,196.50,SZS1527,A20N,EI-SIB,ARN,LHR,1648671967.3,X2,SK1527,adsb_icao,3975,180,188,0.292,0.3,1.1,119.00,119.24,-704,none,A3,1006.4,3008,-1,120.23,,0.0,-10.4,339,11,-1,-1,1,75359
RTTFC,4441845,53.53093,1.01882,19000,-32,0,277.69,313.80,TARTN39,A332,ZZ332,BZZ,,1648671967.3,X2,TARTN39,adsb_icao,18200,281,362,0.600,-0.0,0.0,277.91,278.60,0,none,A5,1013.6,19008,-1,277.73,,0.0,-9.7,284,48,-33,-16,1,74870
RTTFC,5031173,52.82731,-1.34485,0,0,1,0.00,14.20,DHK2877,B734,TF-BBK,ABZ,EMA,1648671966.7,X2,D02877,adsb_icao,-1,-1,-1,-1.000,-1.0,-1.0,-1.00,177.19,-1,none,A3,-1.0,-1,-1,-1.00,,0.8,-11.4,-1,-1,-1,-1,1,81280
RTTFC,5022212,53.26007,-7.16155,5025,0,0,11.25,172.00,IRL258,LJ45,258,,,1648671964.1,X2,IRL258,mlat,-1,185,194,0.308,-1.5,-14.2,18.81,16.47,-1,,,1012.2,5008,-1,-1.00,,0.2,-10.2,51,28,-1,-1,1,72488
RTTFC,5023079,52.23124,-5.61472,38000,0,0,284.07,403.10,RYR62PV,B738,EI-DWB,STN,SNN,1648671967.5,X2,FR310,adsb_icao,36950,242,440,0.768,0.0,-0.2,291.97,290.38,0,none,A3,1013.6,38016,38000,291.80,,0.0,-12.4,339,59,-57,-31,1,73859
RTTFC,5046549,51.90830,0.26993,2375,1664,0,45.50,161.20,CLX82N,B744,LX-ECV,STN,LUX,1648671967.3,X2,CLX82N,adsb_icao,2250,171,174,0.264,0.0,0.4,42.19,42.76,3104,none,A5,1006.4,4000,4000,42.19,,0.0,-9.5,-1,-1,-1,-1,1,96848
RTTFC,3753197,52.45280,-1.73710,0,0,1,146.00,6.00,AFR65SX,A319,F-GRHN,CDG,BHX,1648671960.0,F,AF1564,adsb_other,-1,-1,-1,-1.000,-1.0,-1.0,-1.00,-1.00,-1,null,null,-1.0,-1,-1,-1.00,null,-1.0,-1.0,-1,-1,-1,-1,1,259297
RTTFC,5023310,55.83385,-3.71271,4075,-320,0,52.77,193.40,RYR818,B738,EI-DYL,DUB,EDI,1648671967.5,X2,FR818,adsb_icao,4150,216,224,0.352,0.2,2.1,56.95,55.57,-352,none,A3,1014.4,4000,4000,61.17,,0.0,-8.2,73,32,-6,2,1,73648
RTTFC,4223215,54.65932,-6.22058,0,0,1,0.00,7.80,EXS3KV,B738,G-JZHK,PFO,BFS,1648671967.5,X2,EXS3KV,adsb_icao,-1,-1,-1,-1.000,-1.0,-1.0,-1.00,354.38,-1,none,A3,1014.0,3008,-1,-1.00,,0.0,-2.7,-1,-1,-1,-1,1,146828
RTTFC,7786225,51.16924,1.47064,24325,1472,0,104.58,488.70,SIA319,B77W,9V-SWQ,LHR,SIN,1648671967.5,X2,SQ319,adsb_icao,23600,322,450,0.756,-1.0,-0.2,104.94,105.95,1472,none,A5,1012.8,28000,-1,104.77,,0.0,-7.3,269,40,-40,-13,1,216371
RTTFC,4220171,51.60702,1.04897,6925,-1280,0,249.85,264.20,CFE557,E190,G-LCYO,DUB,LCY,1648671967.1,X2,CJ557,adsb_icao,6700,253,276,0.432,0.0,0.0,254.00,254.86,-1536,none,A3,1006.4,6016,6000,-1.00,autopilot|tcas,0.0,-8.9,316,26,-4,6,1,144290
RTTFC,4439958,54.84895,-1.42042,0,0,1,0.00,0.00,TXLU00,,,,,1648671966.2,X2,TXLU00,adsb_icao_nt,-1,-1,-1,-1.000,-1.0,-1.0,-1.00,-1.00,-1,,C0,-1.0,-1,-1,-1.00,,0.3,-11.6,-1,-1,-1,-1,1,72393
RTTFC,4509282,53.21416,-1.98829,7975,-960,0,315.00,261.60,BEL18A,A319,OO-SSB,BRU,MAN,1648671967.5,X2,SN2183,adsb_icao,7725,249,274,0.436,0.0,0.5,319.04,318.69,-1696,none,A3,1013.6,7008,-1,239.77,,0.0,-6.1,12,20,-13,-3,1,142293
RTTFC,4030328,52.22150,-1.28525,6150,-896,0,268.47,187.10,FNK4,C208,D-FUNG,NUE,,1648671967.3,X2,FNK4,adsb_icao,5950,-1,-1,-1.000,-1.0,-1.0,-1.00,-1.00,-1,none,A1,1008.0,4992,-1,-1.00,,0.1,-10.5,-1,-1,-1,-1,1,245560
RTTFC,4344393,51.88418,0.22966,0,0,1,222.19,14.20,SERVICE VEH RANGER,,,,,1648671965.0,X2,SERVICE VEH,adsb_icao_nt,-1,-1,-1,-1.000,-1.0,-1.0,-1.00,-1.00,-1,,C2,-1.0,-1,-1,-1.00,,2.5,-24.1,-1,-1,-1,-1,1,268235
RTTFC,4196085,51.87407,0.22306,0,0,1,244.69,14.20,NPT11L,B733,G-JMCT,,,1648671967.3,X2,NPT11L,adsb_icao,-1,-1,-1,-1.000,-1.0,-1.0,-1.00,-1.00,-1,none,A3,-1.0,-1,-1,-1.00,,0.0,-14.3,-1,-1,-1,-1,1,119949
RTTFC,4439957,55.03681,-1.70989,0,0,1,0.00,0.00,TXLU01,,,,,1648671967.2,X2,TXLU01,adsb_icao_nt,-1,-1,-1,-1.000,-1.0,-1.0,-1.00,-1.00,-1,,C0,-1.0,-1,-1,-1.00,,0.2,-18.8,-1,-1,-1,-1,1,72392
RTTFC,4661139,51.88140,-0.37710,0,0,1,0.00,4.20,WZZ1NE,A320,HA-LYX,SOF,LTN,1648671952.5,X2,W64303,adsb_icao,-1,-1,-1,-1.000,-1.0,-1.0,-1.00,174.38,-1,none,A3,1013.0,23008,-1,-1.00,,3.7,-8.5,-1,-1,-1,-1,1,2407
RTTFC,4768430,53.28690,-2.33075,38600,896,0,97.68,486.40,RYR343J,B38M,SP-RZO,DUB,KRK,1648671967.4,X2,FR1901,adsb_icao,37350,244,448,0.780,0.0,0.4,96.86,96.34,896,none,A3,1013.6,39008,39008,94.92,,0.0,-7.2,293,40,-56,-29,1,110277
RTTFC,4198368,51.18668,-0.43359,30475,-2432,0,301.93,387.60,EZY96DR,A319,G-EZBO,BSL,BRS,1648671967.4,X2,U26084,adsb_icao,29700,271,422,0.736,-0.1,-1.1,301.64,302.04,-2240,none,A3,1013.6,22016,-1,0.00,,0.1,-8.7,-1,-1,-57,-33,1,122662
RTTFC,4661138,51.78806,0.23041,14850,1408,0,76.53,343.40,WZZ8768,A320,HA-LYW,LTN,TSR,1648671967.2,X2,W63502,adsb_icao,14400,255,312,0.504,0.0,0.2,75.23,75.79,1536,none,A3,1012.8,23008,-1,75.23,,0.0,-5.3,265,30,-21,-8,1,2821
RTTFC,4915339,52.12500,-0.31552,17025,-896,0,286.00,267.00,IMX358,AT72,HB-AFJ,MST,BHX,1648671966.7,X2,XM358,mlat,-1,237,-1,0.492,-1.0,-1.0,284.94,285.29,-1,,,1013.1,11008,11008,-1.00,,0.1,-5.2,-1,-1,-1,-1,1,257156
RTTFC,10497205,51.88415,0.24340,0,0,1,0.00,0.00,FDX5201,B763,N110FE,DUB,STN,1648671957.3,X2,FX5201,adsb_icao,-1,-1,-1,-1.000,-1.0,-1.0,-1.00,222.19,-1,none,A5,-1.0,-1,-1,-1.00,,0.2,-16.4,-1,-1,-1,-1,1,15049
RTTFC,10970421,51.88523,0.24672,0,0,1,0.00,0.00,FDX9,MD11,N576FE,CDG,STN,1648671964.7,X2,FX9,adsb_icao,-1,-1,-1,-1.000,-1.0,-1.0,-1.00,42.19,-1,none,A5,-1.0,-1,-1,-1.00,,1.0,-19.8,-1,-1,-1,-1,1,197094
RTTFC,4660729,53.32317,-3.08021,2550,-64,0,85.98,128.30,WUK2393,A20N,HA-LJD,TIA,LPL,1648671967.4,X2,W96641,adsb_icao,2575,145,146,0.228,0.0,-0.2,81.74,80.96,0,none,A3,1011.2,2496,-1,120.23,,0.1,-5.2,49,21,-1,-1,1,2206
RTTFC,4442003,52.13769,-1.60837,40025,126,0,249.00,446.00,TYPHOO10,EUFI,ZK365,QCY,,1648671964.0,X2,TYPHOO10,mlat,-1,-1,-1,-1.000,-1.0,-1.0,-1.00,-1.00,-1,,,-1.0,-1,-1,-1.00,,0.1,-12.5,-1,-1,-1,-1,1,75133
RTTFC,4458013,53.26070,-5.88423,35350,704,0,172.89,460.50,EJU74PX,A319,OE-LQQ,BFS,PMI,1648671967.1,X2,U26711,adsb_icao,34325,243,414,0.724,-0.1,0.5,180.35,178.49,832,none,A3,1013.6,39008,-1,0.00,,0.0,-9.9,310,60,-58,-35,1,91080
RTTFC,4223206,53.05242,2.33310,40000,-64,0,289.42,402.90,EXS53R,B738,G-JZHS,PFO,,1648671967.2,X2,EXS53R,adsb_icao,38550,236,450,0.784,0.0,0.4,289.51,290.68,-64,none,A3,1013.6,40000,40000,288.98,,0.0,-13.1,302,46,-56,-30,1,147503
RTTFC,4661116,52.07738,1.46401,14425,-1024,0,286.10,310.20,WZZ1096,A320,HA-LYA,VNO,LTN,1648671967.2,X2,W68003,adsb_icao,13975,279,336,0.544,-0.0,-0.4,287.05,288.01,-1056,none,A3,1012.8,14016,-1,-1.00,,0.0,-13.0,310,28,-22,-7,1,2976
RTTFC,4224919,51.85244,-0.49637,2225,-704,0,74.26,114.30,EZY78PZ,A20N,G-UZLF,HRG,LTN,1648671967.2,X2,U22402,adsb_icao,2125,139,140,0.220,0.2,0.0,68.91,69.22,-736,none,A3,1006.4,3008,-1,0.00,,0.0,-2.8,48,29,-1,-1,1,148713
RTTFC,4661097,51.10747,-0.03822,6850,2432,0,170.23,277.00,WZZ9377,A321,HA-LXH,LGW,MXP,1648671967.5,X2,W65785,adsb_icao,6575,246,268,0.420,0.0,0.2,172.97,173.50,2464,none,A3,1012.8,10016,-1,-1.00,,0.0,-10.9,292,18,-5,4,1,2808
RTTFC,4219870,51.47387,-0.46282,0,0,1,0.00,0.00,BAW545,A320,G-EUYJ,BLQ,LHR,1648671922.4,X2,BA545,adsb_icao,-1,-1,-1,-1.000,-1.0,-1.0,-1.00,236.25,-1,none,A3,-1.0,-1,-1,-1.00,,45.1,-9.4,-1,-1,-1,-1,1,143476
RTTFC,4219433,55.67876,-2.98728,24975,128,0,179.84,348.00,EZY17BH,A320,G-EZTR,ABZ,MAN,1648671967.5,X2,U2328,adsb_icao,23775,224,318,0.544,0.1,1.6,183.52,182.44,128,none,A3,1013.6,24992,-1,0.00,,0.0,-6.1,333,34,-48,-35,1,143566
RTTFC,4743767,51.46481,-0.48714,0,0,1,0.00,6.80,KLM1028,E295,PH-NXA,LHR,AMS,1648671967.0,X2,KL1028,adsb_icao,-1,-1,-1,-1.000,-1.0,-1.0,-1.00,118.12,-1,none,A3,-1.0,-1,-1,-1.00,,0.5,-10.7,-1,-1,-1,-1,1,85037
RTTFC,4224316,55.61163,-4.18347,6950,-1536,0,285.52,261.50,EXS8DF,B738,G-JZBO,PFO,,1648671967.5,X2,EXS8DF,adsb_icao,6900,229,248,0.392,-0.0,-0.4,295.14,293.60,-1472,none,A3,1015.2,4992,5008,295.31,,0.0,-10.3,39,38,-15,-7,1,148468
RTTFC,4222566,55.50687,-3.10822,38025,-576,0,335.03,402.60,EZY321Z,A320,G-EZOU,LGW,ABZ,1648671967.3,X2,U2873,adsb_icao,36625,243,444,0.772,0.0,0.2,336.09,335.00,96,none,A3,1013.6,26016,-1,0.00,,0.0,-9.3,335,44,-55,-29,1,146909
RTTFC,10733196,53.02281,-1.69001,32025,0,0,310.24,408.70,UPS238,B763,N342UP,STN,SDF,1648671967.5,X2,5X238,adsb_icao,30850,293,462,0.804,-0.1,-1.1,308.85,308.61,0,none,A5,1012.8,32000,-1,309.38,vnav|tcas,0.0,-9.0,296,55,-56,-28,1,251758
RTTFC,3425235,50.97409,0.02205,10050,2624,0,163.26,298.70,VLG1YL,A320,EC-LVO,LGW,BCN,1648671967.2,X2,VY7821,adsb_icao,9725,249,284,0.452,0.0,0.2,166.11,166.68,2592,none,A3,1012.8,28992,-1,-1.00,,0.0,-9.7,297,22,-13,-3,1,222815
RTTFC,5267258,53.30087,-2.38420,1875,-640,0,51.20,130.90,ELJ202,C56X,OM-YKS,,,1648671967.5,X2,ELJ202,adsb_icao,1900,158,160,0.248,0.1,0.0,50.62,50.11,-576,none,A2,1010.4,3488,-1,52.03,,0.0,-4.8,46,28,-1,-1,1,26361
RTTFC,4222569,53.61493,-2.04361,32000,0,0,339.77,373.00,EZY391N,A320,G-EZOX,LTN,GLA,1648671967.4,X2,U277,adsb_icao,30775,258,412,0.716,0.2,3.2,334.86,334.42,32,none,A3,1012.8,32000,-1,334.69,,0.0,-5.1,295,53,-55,-33,1,146887
RTTFC,3984373,52.44678,-1.01427,25925,-1792,0,325.10,342.60,ECA3NT,C25B,D-CENT,MST,MAN,1648671967.2,X2,ECA3NT,adsb_icao,24925,273,390,0.672,0.0,-0.5,320.10,320.16,-1664,none,A1,1012.8,20000,20000,319.92,,0.3,-8.3,289,57,-51,-31,1,199817
RTTFC,4660960,51.87679,-0.69290,5000,-1088,0,194.84,206.90,WZZ55BM,A320,HA-LSA,KTW,LTN,1648671967.1,X2,W61005,adsb_icao,4850,177,186,0.292,-2.2,-24.3,191.07,191.32,-1088,none,A3,1006.4,3008,-1,175.08,,0.0,-4.9,59,27,-1,-1,1,2624
RTTFC,4768421,51.38553,-2.71598,0,0,1,0.00,0.00,RYR7LC,B38M,SP-RZF,,,1648671965.0,X2,RYR7LC,adsb_icao,-1,-1,-1,-1.000,-1.0,-1.0,-1.00,357.19,-1,none,A3,-1.0,-1,-1,-1.00,,1.5,-1.8,-1,-1,-1,-1,1,109685
RTTFC,4441794,51.08889,-1.28054,1425,230,0,10.00,94.00,CARBON09,LYNX,ZZ408,,,1648671966.9,X2,CARBON09,mlat,-1,-1,-1,-1.000,-1.0,-1.0,-1.00,-1.00,-1,,A7,-1.0,-1,-1,-1.00,,0.6,-6.9,-1,-1,-1,-1,1,74333
RTTFC,4222441,55.71176,-5.25550,950,0,0,0.00,0.70,CG199,A189,G-MCGT,,,1648671964.9,X2,CG199,adsb_icao,1250,-1,-1,-1.000,-1.0,-1.0,-1.00,-1.00,-64,none,A7,1014.4,-1,-1,76.64,,0.0,-1.8,-1,-1,-1,-1,1,146047
RTTFC,4224615,51.13541,-0.28208,1450,-704,0,77.81,127.90,EZY82RB,A21N,G-UZMD,OPO,LGW,1648671967.2,X2,U28498,adsb_icao,1350,135,136,0.208,-0.2,0.0,71.02,71.47,-672,none,A3,1004.0,3008,-1,0.00,,0.0,-15.7,14,17,-1,-1,1,148425
RTTFC,5024209,52.99809,-1.34331,17500,-1408,0,339.40,284.20,RYR64CQ,B738,EI-EVI,CGN,MAN,1648671967.5,X2,FR1592,adsb_icao,16850,247,314,0.516,-0.0,-0.2,334.51,334.41,-1408,none,A3,1013.6,16000,8000,334.69,,0.0,-7.8,296,40,-29,-16,1,74925
RTTFC,5024210,51.01804,-3.21818,36975,0,0,188.96,449.50,RYR8ME,B738,EI-EVJ,MAN,AGP,1648671967.2,X2,FR3208,adsb_icao,36000,246,434,0.764,0.0,-0.2,196.52,195.96,32,none,A3,1013.6,36992,37008,198.28,,0.1,-6.6,298,56,-61,-36,1,74940
RTTFC,4921341,51.36118,-0.08307,8275,-512,0,297.34,230.80,SWR340V,BCS3,HB-JCF,ZRH,LHR,1648671967.2,X2,LX340,adsb_icao,8000,221,246,0.388,-0.0,-0.4,300.23,300.73,-512,none,A3,1012.8,8000,7008,300.23,,0.0,-10.0,342,21,-1,-1,1,263132
RTTFC,3958211,51.68756,1.15022,38025,0,0,287.12,400.80,DLH982,A20N,D-AINC,FRA,DUB,1648671967.3,X2,LH982,adsb_icao,36800,250,448,0.788,0.0,0.2,287.93,288.80,-32,none,A3,1012.8,38016,-1,-1.00,,0.0,-13.1,303,49,-60,-34,1,173675
RTTFC,4220251,53.86882,-1.65762,0,0,1,0.00,0.00,EXS25EH,B738,G-GDFD,LBA,,1648671963.4,X2,G-GDFD,adsb_icao,-1,-1,-1,-1.000,-1.0,-1.0,-1.00,-1.00,-1,none,A3,-1.0,-1,-1,-1.00,,0.0,-1.8,-1,-1,-1,-1,1,143857
RTTFC,4223905,50.63813,0.29344,23025,0,0,142.28,351.40,EZY47GB,A20N,G-UZHD,LGW,CDG,1648671967.4,X2,U28327,adsb_icao,22425,236,328,0.548,0.0,0.0,145.72,146.40,0,none,A3,1012.8,23008,-1,-1.00,,0.0,-11.0,278,34,-37,-23,1,148004
RTTFC,4197592,55.51410,-3.65695,24525,2176,0,176.05,407.00,EZY37HU,A319,G-EZIY,EDI,LTN,1648671967.4,X2,U220,adsb_icao,23325,272,378,0.644,-0.1,-1.4,180.18,178.85,2848,none,A3,1013.6,28992,-1,180.00,,0.0,-11.5,327,34,-46,-27,1,121781
RTTFC,5023749,51.46978,-0.70969,29200,-2880,0,11.61,417.50,RYR21KP,B738,EI-EKG,FAO,EMA,1648671967.4,X2,FR1767,adsb_icao,28400,278,420,0.724,0.0,-0.5,9.14,9.41,-2880,none,A3,1013.6,22016,22000,9.14,,0.0,-12.1,289,16,-52,-28,1,74270
RTTFC,5022276,53.01467,-2.88831,23800,2304,0,182.92,412.50,RYR6RN,B738,EI-DCN,MAN,FAO,1648671967.4,X2,FR4052,adsb_icao,22950,284,396,0.664,0.0,0.7,195.29,194.62,2336,none,A3,1013.6,28000,39008,194.77,,0.0,-8.1,290,85,-39,-18,1,72963
RTTFC,7454577,51.31403,-0.36344,7750,2624,0,135.14,286.40,AAR522,A359,HL7771,LHR,ICN,1648671967.5,X2,OZ522,adsb_icao,7475,250,276,0.432,0.0,0.4,134.65,135.05,2688,none,A5,1013.6,15008,-1,135.00,,0.0,-7.7,317,10,-4,6,1,175723
RTTFC,4574795,53.42516,-6.26246,0,0,1,0.00,0.00,UPS249,B762,OY-SRK,DUB,CGN,1648671950.6,X2,5X249,adsb_icao,-1,-1,-1,-1.000,-1.0,-1.0,-1.00,95.62,-1,none,A5,-1.0,-1,-1,-1.00,,12.3,-17.3,-1,-1,-1,-1,1,207230
RTTFC,4224309,51.47451,-0.46051,0,0,1,0.00,3.20,GTTNE,A20N,G-TTNE,LHR,,1648671967.3,X2,GTTNE,adsb_icao,-1,-1,-1,-1.000,-1.0,-1.0,-1.00,-1.00,-1,none,A3,-1.0,-1,-1,-1.00,,0.1,-3.0,-1,-1,-1,-1,1,147918
RTTFC,4441823,50.79537,-2.10900,575,-51,0,174.00,111.00,RASCAL05,LYNX,ZZ375,,,1648671966.8,X2,RASCAL05,mlat,-1,-1,-1,-1.000,-1.0,-1.0,-1.00,-1.00,-1,,A7,-1.0,-1,-1,-1.00,,0.0,-2.3,-1,-1,-1,-1,1,74543
RTTFC,5022409,51.15317,-0.16336,0,0,1,0.00,2.80,EIN24K,A320,EI-DEP,LGW,DUB,1648671931.8,X2,EI249,other,-1,-1,-1,-1.000,-1.0,-1.0,-1.00,258.75,-1,,,-1.0,-1,-1,-1.00,,11.1,-8.4,-1,-1,-1,-1,1,72504
RTTFC,5055158,52.59381,-2.09552,23600,2176,0,154.16,428.00,RYR11JX,A320,9H-LAX,LPL,PMI,1648671967.2,X2,FR9592,mlat,-1,282,392,0.656,0.0,0.5,162.42,162.08,2176,,,1013.0,31008,-1,-1.00,,0.2,-6.1,278,67,-38,-18,1,105833
RTTFC,3958215,51.73782,2.43548,35125,-2752,0,271.38,374.10,DLH2WA,A20N,D-AING,FRA,LHR,1648671967.4,X2,LH922,adsb_icao,33975,253,424,0.752,-0.0,-0.4,271.76,273.05,-2752,none,A3,1012.8,28000,-1,-1.00,,0.0,-10.6,285,51,-64,-40,1,173637
RTTFC,5024800,53.42358,-6.04692,5525,2176,0,78.32,276.70,RYR558,B38M,EI-HGG,DUB,MAN,1648671967.5,X2,FR558,adsb_icao,5475,286,300,0.476,0.1,0.7,77.87,75.94,2112,none,A3,1013.6,12000,25008,78.05,,0.0,-5.3,52,26,-12,0,1,75247
RTTFC,4224178,53.49609,-3.91262,35000,0,0,136.73,445.00,EZY74BN,A320,G-EZRT,BFS,LGW,1648671967.2,X2,U2842,adsb_icao,33850,227,388,0.676,-0.1,-0.7,139.92,138.79,32,none,A3,1013.6,35008,-1,139.92,,0.1,-8.3,302,59,-56,-36,1,148365
RTTFC,10529500,51.88498,0.23085,0,0,1,0.00,12.20,N142HQ,GLF4,N142HQ,,,1648671967.1,X2,N142HQ,adsb_icao,-1,-1,-1,-1.000,-1.0,-1.0,-1.00,222.19,-1,none,A2,-1.0,-1,-1,-1.00,,0.4,-16.3,-1,-1,-1,-1,1,47356
RTTFC,5046489,51.45644,0.68501,4800,-960,0,263.69,236.40,LGL4609,DH8D,LX-LQI,LUX,LCY,1648671967.0,X2,LG4609,adsb_icao,4600,231,244,0.380,0.1,0.7,266.13,266.88,-960,none,A2,1006.4,4000,-1,267.19,,0.2,-7.9,326,15,-1,-1,1,97081
RTTFC,5022959,51.95360,-4.18744,30000,0,0,307.14,341.20,RYR508R,B738,EI-DPK,BRS,DUB,1648671967.2,X2,FR509,adsb_icao,29175,248,382,0.664,0.0,0.5,309.90,308.88,32,none,A3,1013.6,24000,30000,312.19,,0.0,-9.7,323,42,-55,-36,1,73700
RTTFC,4440044,51.15440,-0.17528,0,0,1,0.00,0.00,SERVICE VEH LEADER3,,,,,1648671966.2,X2,SERVICE VEH,adsb_icao_nt,-1,-1,-1,-1.000,-1.0,-1.0,-1.00,-1.00,-1,,C2,-1.0,-1,-1,-1.00,,1.3,-11.7,-1,-1,-1,-1,1,72479
RTTFC,5055303,51.91644,1.68732,16825,-1024,0,279.37,307.10,RYR54DE,B38M,9H-VUH,BGY,STN,1648671967.5,X2,FR4193,adsb_icao,16275,269,338,0.552,0.0,-0.2,278.79,279.83,-992,none,A3,1013.6,11008,11008,279.84,,0.0,-10.5,284,31,-26,-11,1,105982
RTTFC,4220531,51.14841,-0.18846,0,-128,1,77.83,75.00,EZY71CU,A320,G-EZUZ,BCN,LGW,1648671964.6,X2,U28578,adsb_icao,350,133,132,0.204,-0.3,-1.4,74.00,75.94,-832,none,A3,1004.0,3008,-1,0.00,,2.9,-15.7,17,8,-1,-1,1,144289
RTTFC,4661080,52.03889,2.01458,30975,1152,0,77.55,473.10,WZZ20CJ,A320,HA-LWQ,LTN,CLJ,1648671967.4,X2,W63306,adsb_icao,29950,270,420,0.732,0.4,9.3,77.70,78.82,1120,none,A3,1012.8,36992,-1,85.08,,0.0,-12.3,244,54,-56,-33,1,2894
RTTFC,4225019,53.38550,-1.95597,3025,64,0,97.43,116.00,UKP153,P68,G-POLX,DSA,,1648671967.2,X2,UKP153,adsb_icao,3000,131,134,0.208,-1.0,-0.4,88.77,88.40,-1,none,A1,1010.4,3008,-1,-1.00,,0.2,-6.1,45,27,-1,-1,1,148838
RTTFC,4222510,51.94927,0.24597,6175,0,0,267.04,251.30,EXS48JG,B738,G-JZHD,PFO,,1648671967.2,X2,EXS48JG,adsb_icao,5925,237,254,0.400,0.0,-0.5,270.53,271.09,0,none,A3,1006.4,6016,6000,270.00,,0.0,-11.3,354,18,-8,1,1,146634
RTTFC,11252478,51.73114,-1.51166,32000,64,0,290.53,442.10,FDX97,B77L,N853FD,CGN,IND,1648671967.5,X2,FX97,adsb_icao,31000,309,484,0.848,-1.0,0.2,291.62,291.58,32,none,A5,1012.8,32000,-1,293.20,,0.0,-8.5,303,43,-59,-28,1,188712
RTTFC,4694960,53.10928,2.56531,37000,0,0,45.43,471.70,NOZ5VA,B738,LN-ENN,LPA,OSL,1648671967.3,X2,DY1815,adsb_icao,35550,255,448,0.788,0.0,0.5,39.20,40.44,32,none,A3,1013.6,36992,37008,40.08,,0.0,-15.1,282,46,-60,-34,1,36740
RTTFC,4222668,51.20947,0.03459,11200,864,0,91.48,348.10,VIR364,B789,G-VFAN,LHR,LHE,1648671967.5,X2,VS364,adsb_icao,10825,287,332,0.528,0.0,0.2,90.00,90.54,960,none,A5,1012.8,18016,6000,90.00,autopilot|vnav|tcas,0.0,-18.2,291,16,-13,2,1,146713
RTTFC,4220221,50.94017,-0.26857,7575,-1536,0,35.23,237.50,EZY86CB,A319,G-EZGN,JER,LGW,1648671967.5,X2,U2898,adsb_icao,7325,220,242,0.380,-2.0,-23.2,30.06,30.53,-1504,none,A3,1004.0,6016,-1,284.77,,0.0,-9.9,316,20,-11,-2,1,144099
RTTFC,4740238,51.69649,1.68336,28000,0,0,264.71,336.40,KLM1057,E75L,PH-EXL,AMS,BRS,1648671966.8,X2,KL1057,adsb_icao,27150,256,382,0.656,0.0,0.0,267.54,268.59,0,none,A3,1013.6,28000,28000,-1.00,autopilot|althold|tcas,0.0,-10.4,295,51,-50,-31,1,82102
RTTFC,4595626,51.57605,-0.82398,6900,-832,0,247.58,222.80,FIN7GR,A321,OH-LZU,HEL,LHR,1648671967.5,X2,AY1339,adsb_icao,6675,205,224,0.352,-2.0,-23.6,246.45,246.67,-832,none,A3,1006.4,4000,-1,180.00,,0.0,-7.6,195,2,-1,-1,1,228530
RTTFC,5025662,51.67406,0.52940,11350,-1280,0,263.39,260.70,SZS1501,A20N,EI-SIE,CPH,LHR,1648671967.5,X2,SK1501,adsb_icao,10950,248,288,0.460,-0.1,-0.2,266.31,266.99,-1248,none,A3,1013.6,8992,-1,0.00,,0.0,-10.9,297,32,-15,-4,1,76278
RTTFC,4915497,52.38760,-1.67459,1975,-608,0,326.07,132.00,IMX111,AT72,HB-ALL,QEF,BHX,1648671967.5,X2,XM111,mlat,-1,135,136,0.208,-1.0,2.8,335.74,335.59,-1,,,1007.8,3008,3008,-1.00,,0.0,-6.2,51,23,-1,-1,1,257219
RTTFC,5023975,53.63991,-4.72590,26800,-1024,0,275.46,367.70,RYR669,B738,EI-ENV,BHX,DUB,1648671967.4,X2,FR669,adsb_icao,25875,290,422,0.720,0.0,0.0,284.06,282.61,-1024,none,A3,1013.6,12992,8000,284.06,,0.0,-15.8,321,73,-47,-23,1,74710
RTTFC,4347980,51.45847,-0.44823,0,0,1,0.00,0.00,,TWR,TWR,,,1648671965.8,X2,TWR,adsb_icao_nt,-1,-1,-1,-1.000,-1.0,-1.0,-1.00,-1.00,-1,,,-1.0,-1,-1,-1.00,,1.7,-3.3,-1,-1,-1,-1,1,271586
RTTFC,4440255,52.38684,-0.50468,9950,0,0,222.63,256.90,JUKEBOX1,C130,ZH867,BZZ,,1648671967.5,X2,JUKEBOX1,adsb_icao,9550,229,260,0.416,-0.1,-0.2,226.23,226.49,0,none,A3,1012.8,10000,10016,226.41,autopilot|althold|lnav,0.0,-4.2,304,18,-16,-7,1,73168
RTTFC,5023973,51.69067,2.38886,24000,-1024,0,303.74,304.30,RYR59LX,B738,EI-ENS,LUX,STN,1648671967.1,X2,FR2861,adsb_icao,23250,245,344,0.580,0.0,-0.5,301.11,302.40,-1024,none,A3,1013.6,12000,22000,302.34,,0.0,-12.6,292,40,-41,-26,1,74673
RTTFC,9003931,51.46750,-0.46582,0,0,1,0.00,0.00,UAE4CK,A388,A6-EOB,LHR,,1648671967.0,X2,UAE4CK,adsb_icao,-1,-1,-1,-1.000,-1.0,-1.0,-1.00,90.00,-1,none,A5,-1.0,-1,-1,-1.00,,0.5,-6.3,-1,-1,-1,-1,1,268801
RTTFC,11108559,51.27918,-0.78077,0,0,1,126.56,0.90,N711LS,GLEX,N711LS,,,1648671964.9,X2,N711LS,adsb_icao,-1,-1,-1,-1.000,-1.0,-1.0,-1.00,126.56,-1,none,A3,-1.0,-1,-1,-1.00,,0.2,-23.7,-1,-1,-1,-1,1,44187
RTTFC,4347989,53.36179,-2.28376,0,0,1,0.00,0.00,,TWR,TWR,,,1648671967.2,X2,TWR,adsb_icao_nt,-1,-1,-1,-1.000,-1.0,-1.0,-1.00,-1.00,-1,,,-1.0,-1,-1,-1.00,,0.3,-9.4,-1,-1,-1,-1,1,271595
RTTFC,4347988,53.36636,-2.29089,0,0,1,0.00,0.00,,TWR,TWR,,,1648671966.1,X2,TWR,adsb_icao_nt,-1,-1,-1,-1.000,-1.0,-1.0,-1.00,-1.00,-1,,,-1.0,-1,-1,-1.00,,1.4,-16.1,-1,-1,-1,-1,1,271594
RTTFC,4744155,53.04749,1.43776,40000,0,0,281.51,401.10,KLM25Q,E295,PH-NXC,AMS,DUB,1648671967.5,X2,KL939,adsb_icao,38575,236,446,0.780,0.0,-0.2,283.71,284.58,0,none,A3,1013.6,40000,40000,-1.00,autopilot|vnav|tcas,0.0,-11.5,310,50,-58,-32,1,86101
RTTFC,4735332,55.64966,-3.22045,9175,-1344,0,306.62,271.60,KLM1293,B738,PH-BXL,AMS,EDI,1648671967.3,X2,KL1293,adsb_icao,8800,252,280,0.448,-0.1,-0.7,315.35,314.19,-1216,,A0,1014.2,4000,-1,-1.00,,0.0,-5.3,27,37,-16,-6,1,77173
RTTFC,5023799,53.42171,-1.73192,36025,0,0,282.70,404.90,EIN3LG,A320,EI-GAM,MUC,DUB,1648671967.5,X2,EI357,adsb_icao,34725,263,454,0.792,0.0,0.5,286.52,286.22,32,none,A3,1012.8,36000,22000,-1.00,,0.0,-12.8,313,56,-57,-30,1,74578
RTTFC,4440100,52.39721,-0.49321,9975,-71,0,224.00,261.00,JUKEBOX2,C130,ZH879,BZZ,,1648671967.3,X2,JUKEBOX2,mlat,-1,-1,-1,-1.000,-1.0,-1.0,-1.00,-1.00,-1,,,-1.0,-1,-1,-1.00,,0.0,-6.1,-1,-1,-1,-1,1,73020
RTTFC,4347979,51.47058,-0.44704,0,0,1,0.00,0.00,,,,,,1648671966.2,X2,,adsb_icao_nt,-1,-1,-1,-1.000,-1.0,-1.0,-1.00,-1.00,-1,,,-1.0,-1,-1,-1.00,,1.3,-8.1,-1,-1,-1,-1,1,271585
RTTFC,4219189,52.49012,-0.75296,27375,1792,0,329.45,379.70,EZY574T,A319,G-EZFT,STN,EDI,1648671967.1,X2,U2241,adsb_icao,26425,284,418,0.716,0.0,0.2,325.02,325.17,1824,none,A3,1013.6,32000,-1,324.84,,0.0,-8.5,291,49,-49,-26,1,143503
RTTFC,11284713,51.95104,-0.07337,8500,2816,0,257.54,273.40,FDX1,B77L,N885FD,STN,MEM,1648671967.5,X2,FX1,adsb_icao,8150,251,-1,0.444,-1.0,-1.0,259.98,260.43,2784,none,A5,1012.8,16000,-1,260.16,,0.0,-9.8,-1,-1,-1,-1,1,220745
RTTFC,9003375,53.95255,-0.73899,32000,-64,0,325.25,433.30,UAE88WV,B77L,A6-EFI,AMS,ORD,1648671967.5,X2,EK9987,adsb_icao,30625,301,476,0.832,-1.0,0.2,322.21,322.21,-64,none,A5,1012.8,32000,-1,-1.00,,0.0,-8.0,294,49,-58,-28,1,269003
RTTFC,5023410,53.67206,-5.31895,15250,-896,0,274.28,254.70,EAI29MU,,,MAN,DUB,1648671967.2,X2,EAI29MU,adsb_icao,14725,227,436,0.456,0.1,0.7,282.83,281.14,-896,none,A2,1013.6,8000,-1,-1.00,,0.0,-7.4,-1,-1,329,354,1,74031
RTTFC,4219472,51.92258,0.78346,22600,1792,0,67.69,458.30,BAW86LG,A320,G-EUYI,LHR,BLL,1648671967.4,X2,BA806,adsb_icao,21900,305,416,0.696,0.0,0.2,65.04,65.77,1888,none,A3,1012.8,39008,-1,64.69,,0.0,-9.5,266,45,-38,-15,1,143603
RTTFC,5023805,53.06580,-2.01744,11600,-2752,0,99.94,318.80,BCS7PE,B734,EI-HAA,SNN,EMA,1648671967.0,X2,BCS7PE,adsb_icao,11175,268,308,0.500,0.0,0.4,99.67,99.31,-2688,none,A3,1013.6,11008,10000,99.84,,0.0,-5.1,297,11,-23,-11,1,74315
RTTFC,4224099,55.86752,-4.42811,0,0,1,0.00,0.00,GTTNB,A20N,G-TTNB,GLA,,1648671966.4,X2,GTTNB,adsb_icao,-1,-1,-1,-1.000,-1.0,-1.0,-1.00,-1.00,-1,none,A3,-1.0,-1,-1,-1.00,,1.1,-16.1,-1,-1,-1,-1,1,147705
RTTFC,11138091,51.70059,-2.69035,43000,64,0,292.14,435.10,GRP74,GLF5,N740SS,,,1648671967.3,X2,GRP74,adsb_icao,42025,236,476,0.832,-0.1,-1.6,298.30,297.85,64,none,A3,1013.2,-1,-1,-1.00,,0.0,-11.9,344,62,-58,-28,1,74320
RTTFC,4574792,52.83109,-1.31332,0,-64,1,88.67,9.80,SRR6565,B762,OY-SRH,EDI,EMA,1648671966.9,X2,DJ6565,adsb_icao,475,-1,-1,-1.000,-1.0,-1.0,-1.00,132.19,-1,none,A5,1008.0,3008,3008,87.89,,0.6,-2.8,-1,-1,-1,-1,1,207324
RTTFC,5024341,53.55570,-3.31662,16000,64,0,297.55,233.50,EAI19MB,AT76,EI-GPP,MAN,BHD,1648671967.4,X2,EAI19MB,adsb_icao,15350,219,346,0.444,-0.4,-8.3,299.00,298.10,64,none,A2,1013.6,16000,-1,-1.00,,0.0,-7.6,299,120,142,157,1,74964
RTTFC,4196827,51.46654,-0.48147,0,0,1,0.00,5.20,BAW858,A320,G-EUUN,LHR,PRG,1648671960.5,X2,BA858,adsb_icao,-1,-1,-1,-1.000,-1.0,-1.0,-1.00,270.00,-1,none,A3,-1.0,-1,-1,-1.00,,6.5,-3.1,-1,-1,-1,-1,1,120438
RTTFC,5022335,53.29459,0.28880,36000,0,0,280.85,387.90,EIN611,A320,EI-DEK,AMS,DUB,1648671967.5,X2,EI611,adsb_icao,34675,251,436,0.760,0.1,0.5,283.54,283.98,0,none,A3,1012.8,36000,27008,-1.00,,0.0,-8.1,308,53,-56,-31,1,73095
RTTFC,5023817,50.39182,-3.07588,40000,64,0,358.21,417.20,RYR731L,B738,EI-EMA,BCN,LPL,1648671967.3,X2,FR9145,adsb_icao,39050,233,442,0.772,0.0,-0.5,357.89,357.45,64,none,A3,1013.6,40000,40000,357.19,,0.0,-11.6,345,25,-57,-32,1,74685
RTTFC,4440350,51.13216,-1.57070,900,-306,0,0.00,54.00,AAC739,GAZL,XZ334,,,1648671966.4,X2,AAC739,mlat,-1,-1,-1,-1.000,-1.0,-1.0,-1.00,-1.00,-1,,A7,-1.0,-1,-1,-1.00,,0.9,-15.9,-1,-1,-1,-1,1,72839
RTTFC,4197777,55.86643,-4.43221,0,0,1,0.00,5.20,EZY46DY,A319,G-EZAG,GLA,LGW,1648671960.8,X2,U2888,adsb_icao,-1,-1,-1,-1.000,-1.0,-1.0,-1.00,343.12,-1,,A3,-1.0,-1,-1,-1.00,,6.7,-4.2,-1,-1,-1,-1,1,121388
RTTFC,5022307,55.66704,-4.73078,4800,-256,0,17.55,205.60,RYR5776,B738,EI-DHG,DUB,GLA,1648671967.3,X2,FR5776,adsb_icao,4850,220,230,0.364,-0.1,-1.1,26.89,25.12,-256,none,A3,1015.2,4000,-1,26.02,,0.1,-5.9,72,37,-1,-1,1,72622
RTTFC,5022286,52.00537,0.11740,9850,-960,0,41.58,248.60,RYR9DN,B738,EI-DCX,FAO,STN,1648671967.5,X2,FR9283,adsb_icao,9525,221,250,0.400,-0.0,-0.9,40.25,40.76,-928,none,A3,1013.6,8000,8000,40.08,,0.0,-9.1,332,4,-16,-8,1,72668
RTTFC,4224371,53.70085,-1.89444,31000,0,0,11.44,428.50,EZY838A,A320,G-EZRX,BHX,EDI,1648671967.3,X2,U2504,adsb_icao,29800,286,444,0.772,-0.1,-0.5,5.10,4.70,32,none,A3,1012.8,31008,-1,4.92,,0.0,-9.4,296,54,-55,-29,1,148416
RTTFC,4224372,53.91569,-4.43420,9850,3392,0,157.87,294.70,EZY46QM,A320,G-EZRY,IOM,LGW,1648671967.0,X2,U2856,adsb_icao,9575,250,280,0.452,-0.0,0.2,158.73,157.35,3424,none,A3,1013.6,24992,-1,0.00,,0.0,-8.6,348,15,-20,-10,1,148429
RTTFC,4221730,51.60008,-0.32328,8650,-640,0,259.90,222.40,BAW907,A388,G-XLEI,FRA,LHR,1648671967.1,X2,BA907,adsb_icao,8350,208,234,0.368,0.0,0.2,264.55,264.95,-608,none,A5,1013.6,8000,-1,265.08,,0.0,-6.4,323,23,-1,-1,1,145817
RTTFC,5054747,51.32251,0.02945,0,0,1,0.00,0.10,VJT929,GLEX,9H-VJS,BQH,LIS,1648671950.1,X2,VJT929,adsb_icao,-1,-1,-1,-1.000,-1.0,-1.0,-1.00,258.75,-1,none,A3,-1.0,-1,-1,-1.00,,2.7,-17.5,-1,-1,-1,-1,1,104840
RTTFC,4459463,53.41699,-3.90627,33175,960,0,92.99,460.60,BCS2881,B752,OE-LNK,DUB,LEJ,1648671967.5,X2,QY2881,adsb_icao,32025,253,418,0.720,-0.0,0.4,90.35,89.23,960,none,A4,1013.6,34016,-1,90.70,tcas,0.0,-16.0,305,51,-51,-28,1,92450
RTTFC,5054634,53.42271,-6.29509,375,-544,0,95.34,107.50,VJT775,GLEX,9H-IGH,RSW,DUB,1648671967.1,X2,VJT775,adsb_icao,525,117,-1,0.180,-1.0,-1.0,94.22,92.19,-640,none,A3,1012.0,2016,-1,94.22,,0.1,-16.7,-1,-1,-1,-1,1,104929
RTTFC,4196662,55.88196,-3.43941,35000,-2112,0,336.53,414.30,SHT18V,A319,G-EUOA,LHR,ABZ,1648671967.3,X2,BA1314,adsb_icao,33525,264,452,0.780,0.1,1.6,339.43,338.14,-2112,none,A3,1012.8,26016,-1,-1.00,,0.0,-11.7,355,40,-52,-25,1,121018
RTTFC,4196819,54.65392,2.29865,18000,224,0,178.22,321.20,TASMAN71,FA20,G-FRAS,MME,,1648671967.0,X2,TASMAN71,adsb_icao,17050,250,312,0.528,-1.0,27.4,184.57,185.62,64,none,A2,1012.8,18016,-1,-1.00,,0.2,-12.4,282,51,-43,-30,1,120924
RTTFC,7867807,51.46755,-0.48473,0,0,1,0.00,6.20,CES7552,B77W,B-2023,LHR,PVG,1648671959.5,X2,MU7552,adsb_icao,-1,-1,-1,-1.000,-1.0,-1.0,-1.00,185.62,-1,none,A5,-1.0,-1,-1,-1.00,,1.5,-7.1,-1,-1,-1,-1,1,6196
RTTFC,11181935,50.72844,-3.18871,34250,-2368,0,95.96,500.70,AAL142,B772,N784AN,JFK,LHR,1648671967.5,X2,AA142,adsb_icao,33375,287,472,0.832,-1.0,0.2,95.27,94.75,-2336,none,A5,1012.8,27008,-1,94.22,,0.0,-7.9,295,30,-61,-32,1,118032
RTTFC,4224649,54.51807,-6.44556,4250,-640,0,331.28,201.80,EZY621Q,A20N,G-UZHU,MAN,BFS,1648671967.3,X2,U2137,adsb_icao,4325,202,210,0.328,1.8,18.6,343.30,341.03,-704,none,A3,1014.4,2496,-1,0.00,,0.2,-7.3,55,43,-1,-1,1,148787
RTTFC,5023933,50.79580,1.22459,37975,0,0,297.93,412.00,EIN40W,A320,EI-DVK,FCO,DUB,1648671967.1,X2,EI407,adsb_icao,36900,248,446,0.784,0.0,0.7,295.84,296.80,0,none,A3,1012.8,38016,37008,300.23,,0.0,-9.0,283,35,-60,-34,1,74735
RTTFC,7613122,51.15523,1.87187,30125,1088,0,101.31,494.60,JAV4496,A332,JY-JVB,LHR,ISB,1648671967.4,X2,R54496,adsb_icao,29225,298,454,0.788,-0.0,-0.4,103.36,104.50,1120,none,A5,1012.8,35008,-1,-1.00,,0.0,-11.1,250,48,-55,-27,1,43271
RTTFC,5024880,51.73312,-3.17057,21025,-32,0,107.75,318.00,ABR6BN,AT72,EI-SON,SNN,CDG,1648671964.9,X2,ABR6BN,mlat,-1,204,278,0.460,-1.0,-0.4,105.12,104.49,-1,,,1012.8,21008,21008,-1.00,,0.1,-7.6,309,43,-33,-22,1,75398
RTTFC,5024071,52.97191,-2.14943,21450,1856,0,329.60,333.90,EIN27G,A320,EI-DVN,BHX,DUB,1648671967.2,X2,EI277,adsb_icao,20700,280,378,0.628,-0.1,1.6,324.67,324.27,1824,none,A3,1012.8,22016,22000,324.84,,0.0,-12.7,290,54,-35,-16,1,74826
RTTFC,5023176,51.35694,-0.80154,6500,-960,0,287.42,197.00,EIN7LP,A320,EI-DVE,ORK,LHR,1648671969.5,X2,EI724,adsb_icao,6300,187,202,0.316,0.0,0.0,290.04,290.30,-960,none,A3,1006.4,4992,37008,289.69,,0.0,-11.5,353,11,-1,-1,1,73753
RTTFC,4348098,53.36322,-2.25787,0,0,1,250.31,11.20,SERVICE VEH RANGER5,,,,,1648671967.8,X2,SERVICE VEH,adsb_icao_nt,-1,-1,-1,-1.000,-1.0,-1.0,-1.00,-1.00,-1,,C2,-1.0,-1,-1,-1.00,,0.7,-12.8,-1,-1,-1,-1,1,271965
RTTFC,4348100,53.35561,-2.26224,0,0,1,47.81,26.50,SERVICE VEH RANGER 7,,,,,1648671952.3,X2,SERVICE VEH,adsb_icao_nt,-1,-1,-1,-1.000,-1.0,-1.0,-1.00,-1.00,-1,,C2,-1.0,-1,-1,-1.00,,17.2,-26.9,-1,-1,-1,-1,1,271779
RTTFC,4196346,51.47772,-1.11548,13300,2432,0,295.99,269.20,BAW5VY,B772,G-YMMO,LHR,YVR,1648671969.5,X2,BA85,adsb_icao,12900,249,476,0.480,-1.0,0.0,294.79,294.92,2432,none,A5,1012.8,20000,-1,295.31,,0.0,-13.0,-1,-1,385,415,1,120516
RTTFC,10500058,52.82808,-1.31977,0,0,1,0.00,0.00,@@@@@@@@,B763,N113FE,EMA,,1648671967.7,X2,@@@@@@@@,adsb_icao,-1,-1,-1,-1.000,-1.0,-1.0,-1.00,-1.00,-1,none,,-1.0,-1,-1,-1.00,,1.6,-6.9,-1,-1,-1,-1,1,17902
RTTFC,5022998,52.90271,-1.86634,7375,-2176,0,169.55,286.80,BCS2883,A306,EI-OZM,DUB,EMA,1648671969.5,X2,QY2883,adsb_icao,7175,254,274,0.440,0.3,5.8,168.93,168.64,-2176,none,A5,-1.0,6016,-1,170.16,,0.0,-5.8,12,12,-18,-8,1,73546
RTTFC,4195603,53.49420,-2.91873,31900,-64,0,303.65,366.40,AWC2A,B734,G-POWS,STN,BFS,1648671969.5,X2,AWC2A,adsb_icao,30625,269,428,0.744,-0.0,-0.7,305.16,304.40,-32,none,A3,-1.0,32000,-1,305.16,,0.0,-5.6,309,62,-55,-31,1,119878
RTTFC,4348096,53.35828,-2.27324,0,0,1,146.25,10.80,SERVICE VEH RANGER3,,,,,1648671958.2,X2,SERVICE VEH,adsb_icao_nt,-1,-1,-1,-1.000,-1.0,-1.0,-1.00,-1.00,-1,,C2,-1.0,-1,-1,-1.00,,11.3,-26.2,-1,-1,-1,-1,1,271858
RTTFC,3755017,51.46820,-0.45765,0,0,1,0.00,0.00,AFR58XN,A321,F-GTAJ,CDG,LHR,1648671967.9,X2,AF1380,adsb_icao,-1,-1,-1,-1.000,-1.0,-1.0,-1.00,-1.00,-1,,A0,-1.0,-1,-1,-1.00,,1.6,-6.8,-1,-1,-1,-1,1,260965
RTTFC,4694405,51.71753,0.88562,20725,960,0,25.89,377.90,NOZ7YW,B738,LN-ENT,LGW,SVG,1648671969.3,X2,DY1337,adsb_icao,20075,277,370,0.612,0.0,-0.2,20.21,21.00,960,none,A3,1013.6,22016,22000,19.69,,0.0,-9.8,280,33,-32,-14,1,36071
RTTFC,4196734,52.03819,-1.21681,14700,-2688,0,139.54,393.00,SHT88C,A320,G-EUUC,BHD,LHR,1648671969.2,X2,BA1417,adsb_icao,14275,298,362,0.584,0.0,0.9,144.32,144.35,-2656,none,A3,1012.8,8992,-1,-1.00,,0.0,-11.2,275,45,-20,-3,1,120872
RTTFC,4225327,51.50446,-0.55837,7500,-1024,0,309.41,225.20,BAW27FC,A20N,G-TTNL,FNC,LHR,1648671969.3,X2,BA2781,adsb_icao,7250,214,236,0.368,0.0,0.4,309.90,310.23,-1024,none,A3,1006.4,4992,-1,310.08,,0.0,-5.7,327,11,-1,-1,1,149467
RTTFC,5025740,51.69077,1.14555,18475,-1024,0,265.83,288.80,SAS815,A20N,EI-SIG,OSL,LHR,1648671969.4,X2,SK815,adsb_icao,17875,248,322,0.528,0.0,1.2,266.66,267.54,-992,none,A3,1013.6,14016,-1,0.00,,0.0,-9.5,284,35,-28,-15,1,76386
RTTFC,4344415,51.47585,-0.42980,0,0,1,0.00,0.00,SERVICE VEH OPS3,,,,,1648671969.5,X2,SERVICE VEH,adsb_icao_nt,-1,-1,-1,-1.000,-1.0,-1.0,-1.00,-1.00,-1,,C2,-1.0,-1,-1,-1.00,,0.0,-26.6,-1,-1,-1,-1,1,268021
RTTFC,4225037,51.64142,0.08544,9000,-64,0,264.12,234.20,BAW781C,A21N,G-NEOX,ARN,LHR,1648671969.2,X2,BA781,adsb_icao,8675,220,246,0.392,-0.1,0.2,265.08,265.61,-64,none,A3,1013.6,8992,-1,265.08,,0.0,-11.5,293,13,-15,-7,1,149141
RTTFC,4921345,51.46833,-0.45113,0,0,1,0.00,0.00,CHEERIO,BCS3,HB-JCJ,LHR,,1648671921.6,X2,CHEERIO,adsb_icao,-1,-1,-1,-1.000,-1.0,-1.0,-1.00,0.00,-1,,A3,-1.0,-1,-1,-1.00,,47.9,-13.0,-1,-1,-1,-1,1,262609
RTTFC,5023291,53.64496,-5.67397,15925,-1024,0,258.12,354.60,EIN69Y,A320,EI-FNJ,DUS,DUB,1648671969.4,X2,EI699,adsb_icao,15475,303,372,0.608,0.0,0.2,267.19,265.36,-1024,none,A3,1012.8,8000,-1,-1.00,,0.0,-14.9,331,49,-27,-8,1,73996
RTTFC,4344417,51.47585,-0.42971,0,0,1,0.00,0.00,SERVICE VEH ASD,SERV,LDR7,,,1648671969.5,X2,SERVICE VEH,adsb_icao_nt,-1,-1,-1,-1.000,-1.0,-1.0,-1.00,-1.00,-1,,C2,-1.0,-1,-1,-1.00,,0.0,-30.0,-1,-1,-1,-1,1,268023
RTTFC,3753205,50.83022,1.38279,36000,-64,0,319.74,402.30,AFR95UF,A319,F-GRHV,CDG,DUB,1648671969.5,X2,AF1016,adsb_icao,34775,252,432,0.764,0.0,0.2,316.41,317.41,0,,A0,1001.0,36000,-1,-1.00,,0.0,-12.5,289,34,-63,-38,1,259874
RTTFC,5023589,51.33176,-1.29608,18000,0,0,103.27,344.20,RYR17SH,B738,EI-EFJ,ORK,STN,1648671969.3,X2,FR906,adsb_icao,17500,244,314,0.512,0.0,0.2,105.64,105.73,32,none,A3,1013.6,18016,18000,104.77,,0.0,-10.0,261,33,-25,-12,1,74129
RTTFC,4344424,51.47425,-0.46200,0,0,1,320.62,13.20,SERVICE VEH ASD,SERV,LDR4,,,1648671969.3,X2,SERVICE VEH,adsb_icao_nt,-1,-1,-1,-1.000,-1.0,-1.0,-1.00,-1.00,-1,,C2,-1.0,-1,-1,-1.00,,0.0,-8.3,-1,-1,-1,-1,1,268363
RTTFC,5023296,53.57041,-6.31035,6575,-512,0,257.52,259.10,EIN65T,A320,EI-DVH,FRA,DUB,1648671969.4,X2,EI657,adsb_icao,6550,224,240,0.380,-0.0,0.5,265.25,263.20,-544,none,A3,1012.0,4000,-1,-1.00,,0.0,-5.5,28,31,-11,-2,1,73905
RTTFC,5023586,53.29742,-3.41529,31000,0,0,101.36,431.50,RYR1MK,B738,EI-EFG,DUB,STN,1648671969.3,X2,FR272,adsb_icao,29900,231,366,0.636,0.0,0.0,103.18,102.27,0,none,A3,1013.6,31008,31008,101.95,,0.0,-8.5,276,66,-55,-37,1,74211
RTTFC,4225860,50.64297,-1.88393,3225,96,0,317.33,174.10,GMA693,BE20,G-GMAF,GCI,BOH,1648671969.1,X2,GMA693,adsb_icao,3075,178,-1,0.284,-1.0,-1.0,316.23,316.19,0,none,A1,-1.0,3008,3008,-1.00,,0.0,-4.5,-1,-1,-1,-1,1,149957
RTTFC,4344419,51.47588,-0.42994,0,0,1,0.00,0.00,SERVICE VEH ASD,SERV,LDR9,,,1648671968.2,X2,SERVICE VEH,adsb_icao_nt,-1,-1,-1,-1.000,-1.0,-1.0,-1.00,-1.00,-1,,C2,-1.0,-1,-1,-1.00,,1.3,-30.7,-1,-1,-1,-1,1,268025
RTTFC,5243092,52.01328,-0.42054,5200,-64,0,240.62,254.80,T7KPC,E35L,T7-KPC,LBG,LTN,1648671969.5,X2,T7KPC,adsb_icao,5000,223,-1,0.368,-1.0,-1.0,245.39,245.72,-1,none,A2,1006.4,4992,-1,-1.00,,0.0,-7.8,-1,-1,-1,-1,1,2508
RTTFC,4344427,51.46808,-0.43446,0,0,1,337.50,19.50,SERVICE VEH ASD,SERV,LDR3,,,1648671968.9,X2,SERVICE VEH,adsb_icao_nt,-1,-1,-1,-1.000,-1.0,-1.0,-1.00,-1.00,-1,,C2,-1.0,-1,-1,-1.00,,0.6,-20.9,-1,-1,-1,-1,1,268389
RTTFC,4198146,51.03154,-0.33753,4925,-832,0,273.62,253.50,EZY48XL,A319,G-EZBH,AMS,LGW,1648671969.2,X2,U28884,adsb_icao,4750,244,258,0.404,0.0,0.7,275.27,275.72,-864,none,A3,1004.0,3008,-1,274.92,vnav,0.0,-5.6,339,11,-5,4,1,122278
RTTFC,5023822,51.96712,0.85381,11150,-1024,0,260.77,280.60,RYR4BN,B738,EI-EMF,JTR,STN,1648671969.2,X2,FR2907,adsb_icao,10750,261,302,0.484,-0.1,0.2,265.25,266.02,-992,none,A3,1013.6,8992,6000,265.08,,0.0,-8.4,315,34,-17,-5,1,74455
RTTFC,11424972,54.45378,-3.29598,2250,0,0,314.47,229.80,STRIX67,C30J,12-5759,MHZ,,1648671966.5,X2,STRIX67,adsb_icao,2325,-1,-1,-1.000,-1.0,-1.0,-1.00,-1.00,1472,none,A3,1008.8,-1,1216,61.17,lnav|tcas,1.6,-16.1,-1,-1,-1,-1,1,69846
RTTFC,3416208,53.37772,-2.22638,3300,2240,0,49.60,123.40,IBS3693,A320,EC-ILR,MAN,MAD,1648671969.5,X2,IB3693,adsb_icao,3250,147,152,0.236,0.0,0.4,52.38,51.91,2368,none,A3,1010.4,4992,-1,-1.00,,0.0,-3.7,62,29,-1,-1,1,213499
RTTFC,4741001,51.82141,1.73079,31550,1056,0,261.03,436.30,KLM701,B789,PH-BHO,AMS,EZE,1648671969.2,X2,KL701,adsb_icao,30525,311,484,0.844,0.0,0.2,262.27,263.32,960,none,A5,1012.8,34016,-1,262.27,autopilot|vnav|lnav|tcas,0.1,-13.1,283,51,-57,-26,1,82962
RTTFC,5023831,53.44240,-4.71957,27000,0,0,78.07,382.30,RYR48HR,B738,EI-EMO,DUB,NCL,1648671969.4,X2,FR174,adsb_icao,26100,234,346,0.588,0.0,0.2,75.23,73.80,-32,none,A3,1013.6,27008,27008,92.11,,0.0,-14.5,293,45,-45,-29,1,74384
RTTFC,4225490,53.82536,-2.57143,35000,-64,0,153.49,492.80,CFE772,E190,G-LCAG,GLA,LCY,1648671969.4,X2,CJ772,adsb_icao,33600,263,446,0.776,0.0,0.0,161.02,160.34,-64,none,A3,1013.6,35008,35008,-1.00,autopilot|althold|tcas,0.0,-7.7,287,73,-56,-29,1,149741
RTTFC,4225491,53.52544,-6.61022,5950,-1856,0,247.13,277.80,CFE221,E190,G-LCAH,LCY,DUB,1648671969.4,X2,CJ221,adsb_icao,5900,242,256,0.408,-2.3,-29.9,254.36,252.19,-1856,none,A3,1012.0,3008,4096,-1.00,autopilot|tcas,0.0,-5.9,22,32,-14,-5,1,149621
RTTFC,4218641,51.87539,0.22038,0,0,1,0.00,0.00,EZY703H,A320,G-EZTA,STN,GLA,1648671969.3,X2,U2215,adsb_icao,-1,-1,-1,-1.000,-1.0,-1.0,-1.00,39.38,-1,none,A3,-1.0,-1,-1,-1.00,,0.2,-11.8,-1,-1,-1,-1,1,142247
RTTFC,4768047,55.46425,-2.79253,14575,-1792,0,307.05,312.00,RYR6HJ,B738,SP-RKP,BUD,EDI,1648671969.5,X2,FR1018,adsb_icao,14025,269,322,0.528,0.0,0.4,312.71,311.75,-1824,none,A3,1013.6,7008,7344,312.89,,0.0,-8.4,14,28,-28,-15,1,109930
RTTFC,5023828,51.89413,0.26059,0,0,1,0.00,0.00,RYR81VT,B738,EI-EML,STN,OPO,1648671943.4,X2,FR8347,adsb_icao,-1,-1,-1,-1.000,-1.0,-1.0,-1.00,315.00,-1,none,A3,-1.0,-1,-1,-1.00,,3.1,-14.7,-1,-1,-1,-1,1,73921
RTTFC,5030895,51.95388,-2.46102,36000,64,0,289.92,440.30,ABD616,B744,TF-AAK,MST,JFK,1648671969.2,X2,CC616,adsb_icao,34775,287,490,0.856,-0.1,-0.4,291.45,291.05,64,none,A5,1013.6,36000,-1,291.09,,0.1,-6.8,301,51,-57,-26,1,81717
RTTFC,4740985,53.18495,-1.05097,41000,-64,0,98.78,471.50,KLM942,E75L,PH-EXS,DUB,AMS,1648671969.5,X2,KL942,adsb_icao,39725,221,432,0.752,0.0,-0.5,98.96,98.93,-64,none,A3,1013.6,41024,41008,-1.00,autopilot|althold|tcas,0.0,-9.7,277,40,-56,-31,1,82818
RTTFC,4347985,53.36134,-2.27186,0,0,1,0.00,0.00,,TWR,TWR,,,1648671968.2,X2,TWR,adsb_icao_nt,-1,-1,-1,-1.000,-1.0,-1.0,-1.00,-1.00,-1,,,-1.0,-1,-1,-1.00,,1.3,-4.5,-1,-1,-1,-1,1,271591
RTTFC,4347984,53.35771,-2.27952,0,0,1,0.00,0.00,,TWR,TWR,,,1648671969.5,X2,TWR,adsb_icao_nt,-1,-1,-1,-1.000,-1.0,-1.0,-1.00,-1.00,-1,,,-1.0,-1,-1,-1.00,,0.0,-4.2,-1,-1,-1,-1,1,271590
RTTFC,4347987,53.32989,-2.31364,0,0,1,0.00,0.00,,TWR,TWR,,,1648671969.3,X2,TWR,adsb_icao_nt,-1,-1,-1,-1.000,-1.0,-1.0,-1.00,-1.00,-1,,,-1.0,-1,-1,-1.00,,0.2,-17.6,-1,-1,-1,-1,1,271593
RTTFC,4805315,50.51317,-1.25150,23250,-2368,0,18.87,414.30,TAP135Y,A20N,CS-TVC,LIS,LHR,1648671969.5,X2,TP1358,adsb_icao,22725,300,414,0.692,0.0,0.2,15.82,15.99,-2336,none,A3,1012.8,12992,-1,-1.00,,0.0,-12.2,287,21,-37,-15,1,147011
RTTFC,4075992,51.87323,-0.37658,700,-64,0,74.23,88.30,DIKBO,C25A,D-IKBO,AMS,,1648671958.8,X2,DIKBO,adsb_icao,675,99,122,0.152,-1.0,0.0,68.55,68.91,64,none,A1,1006.4,3008,-1,73.83,,2.0,-13.9,24,20,-1,-1,1,290931
RTTFC,4347986,53.34093,-2.28328,0,0,1,0.00,0.00,,TWR,TWR,,,1648671968.9,X2,TWR,adsb_icao_nt,-1,-1,-1,-1.000,-1.0,-1.0,-1.00,-1.00,-1,,,-1.0,-1,-1,-1.00,,0.6,-2.9,-1,-1,-1,-1,1,271592
RTTFC,4736066,53.34109,-1.50173,13450,-2272,0,258.25,334.00,KLM59W,B738,PH-BXU,AMS,MAN,1648671969.3,X2,KL1083,adsb_icao,12825,301,354,0.580,-0.7,-11.1,262.44,262.24,-1856,,A0,1013.2,9008,-1,-1.00,,0.0,-5.2,305,28,-28,-11,1,77922
RTTFC,4740984,51.73690,-1.39526,36000,-64,0,276.02,381.10,KLM1089,E75L,PH-EXR,AMS,ORK,1648671969.2,X2,KL1089,adsb_icao,34850,249,426,0.752,0.0,-0.2,279.84,279.85,-32,none,A3,1013.6,36000,36000,-1.00,autopilot|vnav|tcas,0.0,-13.6,308,52,-62,-38,1,82905
RTTFC,4221493,51.47133,-0.48358,0,0,1,0.00,0.00,BAW61,B77W,G-STBJ,LHR,MLE,1648671967.5,X2,BA61,adsb_icao,-1,-1,-1,-1.000,-1.0,-1.0,-1.00,177.19,-1,none,A5,-1.0,-1,-1,-1.00,,0.2,-8.0,-1,-1,-1,-1,1,145099
RTTFC,262514,51.46322,-0.47093,0,0,1,0.00,20.50,ET701,A359,ET-AWO,LHR,ADD,1648671968.2,X2,ET701,adsb_icao,-1,-1,-1,-1.000,-1.0,-1.0,-1.00,270.00,-1,none,A5,-1.0,-1,-1,-1.00,,1.3,-4.5,-1,-1,-1,-1,1,262534
RTTFC,4222352,52.20051,-0.24068,8000,64,0,200.96,251.60,EZY87YH,A320,G-EZOK,AGP,LTN,1648671969.1,X2,U22404,adsb_icao,7725,222,244,0.388,-2.1,-25.0,226.58,226.96,0,none,A3,1013.6,8000,-1,194.77,,0.0,-5.5,3,7,-1,-1,1,146409
RTTFC,3433813,51.46743,-0.48076,0,0,1,0.00,0.00,IBE31SP,A359,EC-NLP,LHR,MAD,1648671943.4,X2,IB3179,adsb_icao,-1,-1,-1,-1.000,-1.0,-1.0,-1.00,270.00,-1,none,A5,-1.0,-1,-1,-1.00,,0.2,-12.7,-1,-1,-1,-1,1,230932
RTTFC,4224716,51.46480,-0.46570,300,320,0,90.00,140.00,BAW312,A20N,G-TTNI,LHR,AMM,1648671969.2,X2,BA312,adsb_icao,300,-1,-1,-1.000,-1.0,-1.0,-1.00,87.19,-1,none,A3,1006.4,6016,-1,-1.00,,0.3,-6.1,-1,-1,-1,-1,1,148552
RTTFC,4220228,52.88635,-3.01460,37425,1472,0,13.47,416.50,EZY172F,A320,G-EZUK,BRS,EDI,1648671969.3,X2,U2431,adsb_icao,36275,245,438,0.764,0.5,12.1,9.84,9.13,1504,none,A0,1013.6,38016,-1,0.00,,0.0,-9.2,326,34,-57,-31,1,144263
RTTFC,4215893,51.46638,-0.48767,0,0,1,18.46,4.20,BAW602,A320,G-EUUU,LHR,MXP,1648671969.3,X2,BA602,adsb_icao,-1,-1,442,-1.000,0.0,0.2,-1.00,182.81,-1,none,A3,-1.0,-1,-1,-1.00,,0.2,-13.7,-1,-1,-1,-1,1,139521
RTTFC,4441275,50.68093,-2.32062,1100,-277,0,222.00,143.00,SHF427,H47,ZA681,QLA,,1648671968.6,X2,SHF 427,mlat,-1,-1,-1,-1.000,-1.0,-1.0,-1.00,-1.00,-1,,A7,-1.0,-1,-1,-1.00,,0.1,-6.6,-1,-1,-1,-1,1,74075
RTTFC,4490339,51.34111,1.39763,27075,-1024,0,99.33,437.80,OOACC,C25A,OO-ACC,EMA,,1648671969.1,X2,OOACC,adsb_icao,26250,275,398,0.692,0.0,0.0,100.02,101.00,-960,none,A1,1012.8,24000,-1,99.84,,0.0,-13.2,263,42,-55,-34,1,123310
RTTFC,4768035,52.02828,1.62354,39000,0,0,80.40,473.60,RYR6KG,B738,SP-RKD,SNN,WMI,1648671969.3,X2,FR8878,adsb_icao,37725,234,432,0.760,0.0,-0.2,78.05,79.04,0,none,A3,1013.6,39008,39008,75.94,,0.0,-9.8,274,43,-60,-36,1,109852
RTTFC,4738789,53.42153,0.64432,40000,0,0,285.66,411.30,KLM49J,B738,PH-HSE,AMS,GLA,1648671969.5,X2,KL1481,adsb_icao,38425,242,460,0.800,-0.0,-0.5,287.58,288.13,0,,A0,1013.2,40000,-1,-1.00,,0.0,-11.3,307,52,-55,-28,1,80749
RTTFC,4220778,51.50503,0.06163,0,0,1,93.73,28.50,CFE18M,E190,G-LCYR,EDI,LCY,1648671965.0,X2,BA8719,adsb_icao,200,135,-1,0.208,-0.0,0.9,87.01,92.81,-1152,none,A3,1006.4,2016,-1,-1.00,approach,4.5,-19.8,-1,-1,-1,-1,1,144505
RTTFC,4456546,53.49080,0.05752,38975,64,0,112.00,477.80,EJU47ED,A320,OE-IVF,EDI,MXP,1648671969.2,X2,U22686,adsb_icao,37575,231,430,0.748,0.0,0.4,112.32,112.66,96,none,A3,1012.8,39008,-1,-1.00,,0.0,-16.8,286,48,-56,-31,1,89570
RTTFC,4224436,52.60689,-5.95093,38000,0,0,287.95,444.60,VIR25B,A35K,G-VPOP,LHR,JFK,1648671969.4,X2,VS25,adsb_icao,36975,272,488,0.852,0.0,0.0,293.55,291.78,0,none,A5,1013.6,38016,36000,293.20,,0.0,-16.2,326,53,-57,-26,1,148773
RTTFC,4195948,52.82706,-1.52906,2725,-832,0,88.07,148.10,DHK2135,B752,G-BMRJ,EDI,EMA,1648671969.4,X2,D02135,adsb_icao,2675,167,170,0.264,-0.1,0.5,82.09,81.94,-736,none,A4,1008.0,2016,-1,84.38,approach|tcas,0.0,-7.4,46,27,-1,-1,1,119790
RTTFC,4223354,55.87676,-4.42427,0,-128,1,45.84,23.50,EXS45EJ,B738,G-JZBM,LCA,,1648671969.5,X2,EXS45EJ,adsb_icao,275,-1,-1,-1.000,-1.0,-1.0,-1.00,45.00,-1,none,A3,1015.0,3008,3008,49.92,,0.0,-10.1,-1,-1,-1,-1,1,147028
RTTFC,4768301,53.12770,1.85984,38975,-64,0,94.32,478.40,RYR9KY,B738,SP-RSN,DUB,WMI,1648671969.3,X2,FR8011,adsb_icao,37550,231,430,0.752,0.0,-0.4,93.69,94.69,-32,none,A3,1013.6,39008,39008,92.81,,0.0,-7.6,271,48,-58,-33,1,110137
RTTFC,4221066,50.39159,-1.43847,24675,-1856,0,24.97,386.10,BAW2723,A320,G-EUYO,AGP,LHR,1648671969.4,X2,BA2723,adsb_icao,24175,270,384,0.644,0.0,0.5,22.68,22.80,-1856,none,A3,1012.8,12992,-1,-1.00,,0.0,-6.3,286,15,-39,-20,1,145082
RTTFC,5022513,53.30937,-5.94117,100,128,0,0.00,1.20,AW276,A139,276,,,1648671969.4,X2,AW276,adsb_icao,275,-1,-1,-1.000,-1.0,-1.0,-1.00,-1.00,-1,none,A7,1012.0,1504,-1,-1.00,,0.1,-23.3,-1,-1,-1,-1,1,72607
RTTFC,4439920,52.82758,-1.32622,0,0,1,0.00,0.00,00000000,,,,,1648671955.0,X2,00000000,mlat,-1,-1,-1,-1.000,-1.0,-1.0,-1.00,-1.00,-1,,,-1.0,-1,-1,-1.00,,0.2,-4.8,-1,-1,-1,-1,1,72355
RTTFC,7389437,51.15308,0.35297,16325,832,0,90.00,398.00,OMA102,B789,A4O-SG,LHR,MCT,1648671969.4,X2,WY102,adsb_icao,15800,291,364,0.592,0.0,-0.2,90.00,90.65,768,none,A5,1012.8,18016,-1,90.00,autopilot|vnav|tcas,0.0,-11.5,263,36,-24,-7,1,110650
RTTFC,5022965,51.87268,1.99239,19425,-1536,0,290.63,281.00,RYR4GG,B738,EI-DPR,PRG,STN,1648671969.5,X2,FR1375,adsb_icao,18750,244,320,0.528,-0.0,-0.2,290.92,292.06,-1568,none,A3,1013.6,12000,18000,289.69,,0.0,-10.7,300,39,-31,-18,1,73629
RTTFC,5022964,53.74693,-4.38573,29700,-960,0,269.48,329.00,RYR3FR,B738,EI-DPP,STN,DUB,1648671969.4,X2,FR293,adsb_icao,28600,245,380,0.652,0.0,-0.2,279.67,278.33,-992,none,A3,1013.6,18016,8000,279.14,,0.0,-9.4,322,74,-49,-30,1,73655
RTTFC,4768307,51.39519,-2.89594,7625,2880,0,347.44,216.20,RYR2Q,B738,SP-RSU,BRS,,1648671969.3,X2,RYR2Q,adsb_icao,7400,213,234,0.368,2.6,28.1,350.68,350.21,2912,none,A3,1013.6,10016,35008,80.86,,0.0,-6.6,20,21,-1,-1,1,110134
RTTFC,4459660,51.62038,-0.13969,8775,-1088,0,265.60,234.70,AUA4AB,A321,OE-LBA,VIE,LHR,1648671969.4,X2,OS457,adsb_icao,8475,220,246,0.388,0.2,1.6,269.82,270.28,-1056,none,A3,1012.8,8000,-1,270.00,,0.0,-12.6,328,23,-15,-7,1,92594
RTTFC,4741236,55.11987,2.65481,36000,64,0,294.93,391.50,KLM1451,E75L,PH-EXX,AMS,ABZ,1648671969.2,X2,KL1451,adsb_icao,34225,247,430,0.748,0.0,0.2,297.42,298.56,32,none,A3,1013.6,36000,36000,-1.00,autopilot|vnav|tcas,0.0,-14.1,331,46,-56,-31,1,83185
RTTFC,4221073,52.72224,-6.77795,38000,0,0,287.83,447.50,BAW99,B788,G-ZBJD,LHR,YYZ,1648671969.4,X2,BA99,adsb_icao,37075,269,482,0.844,0.0,-0.2,294.79,292.67,-64,none,A5,1012.8,38016,-1,293.20,autopilot|vnav|lnav|tcas,0.0,-9.6,339,52,-58,-28,1,145413
RTTFC,4224813,54.38036,-5.24888,20025,-2176,0,280.76,305.40,EZY893F,A20N,G-UZHX,LGW,BFS,1648671969.2,X2,U2839,adsb_icao,19275,263,346,0.576,0.0,-0.2,287.93,286.15,-2176,none,A3,1012.8,8000,-1,-1.00,,0.2,-13.8,321,51,-36,-20,1,149004
RTTFC,3772904,53.22997,-2.52354,3725,-832,0,23.24,192.60,AFR62GQ,A320,F-HEPI,CDG,MAN,1648671969.5,X2,AF1268,adsb_icao,3725,213,218,0.344,1.7,16.5,29.36,28.80,-864,none,A3,1010.4,3008,-1,16.88,,0.0,-5.2,70,34,-1,-1,1,279067
RTTFC,4225103,54.66196,-6.20842,0,0,1,0.00,0.00,RVR999A,PC12,G-LUSO,,,1648671965.5,X2,RVR999A,adsb_icao,-1,-1,-1,-1.000,-1.0,-1.0,-1.00,61.88,-1,none,A1,-1.0,-1,-1,-1.00,,0.3,-6.5,-1,-1,-1,-1,1,148709
RTTFC,7569495,51.46939,-0.44413,0,0,1,0.00,0.00,ELY317,B739,4X-EHI,TLV,LHR,1648671948.0,X2,LY317,adsb_icao,-1,-1,-1,-1.000,-1.0,-1.0,-1.00,90.00,-1,none,A3,-1.0,-1,-1,-1.00,,21.5,-11.5,-1,-1,-1,-1,1,290220
RTTFC,5024949,51.48473,-0.82739,4150,-704,0,121.42,195.70,SZS1527,A20N,EI-SIB,ARN,LHR,1648671969.2,X2,SK1527,adsb_icao,3975,180,188,0.292,-0.2,1.1,119.00,119.24,-704,none,A3,1006.4,3008,-1,120.23,,0.0,-6.4,339,11,-1,-1,1,75358
RTTFC,4441845,53.53134,1.01349,19000,-32,0,277.69,313.80,TARTN39,A332,ZZ332,BZZ,,1648671969.5,X2,TARTN39,adsb_icao,18200,280,362,0.596,-0.0,0.0,277.91,278.59,0,none,A5,1013.6,19008,-1,277.73,,0.0,-9.9,284,48,-33,-16,1,74870
RTTFC,5031173,52.82715,-1.34483,0,0,1,0.00,11.80,DHK2877,B734,TF-BBK,ABZ,EMA,1648671969.5,X2,D02877,adsb_icao,-1,-1,-1,-1.000,-1.0,-1.0,-1.00,177.19,-1,none,A3,-1.0,-1,-1,-1.00,,0.0,-9.8,-1,-1,-1,-1,1,81277
RTTFC,5022212,53.26409,-7.16006,5025,-128,0,11.25,172.00,IRL258,LJ45,258,,,1648671968.9,X2,IRL258,mlat,-1,185,194,0.304,-1.5,-14.2,15.64,13.30,-1,,,1012.2,5008,-1,-1.00,,0.4,-6.6,51,28,-1,-1,1,72488
RTTFC,5023079,52.23212,-5.62042,38000,0,0,284.07,403.10,RYR62PV,B738,EI-DWB,STN,SNN,1648671969.5,X2,FR310,adsb_icao,36950,242,440,0.768,0.0,-0.2,291.97,290.38,32,none,A3,1013.6,38016,38000,291.80,,0.0,-15.3,339,59,-57,-31,1,73859
RTTFC,5046549,51.90942,0.27183,2425,1856,0,46.97,164.10,CLX82N,B744,LX-ECV,STN,LUX,1648671969.5,X2,CLX82N,adsb_icao,2300,190,174,0.300,0.0,0.4,46.76,47.33,1856,none,A5,1006.4,4000,4000,42.19,,0.0,-7.6,-1,-1,-1,-1,1,96852
RTTFC,3753197,52.45280,-1.73710,0,0,1,146.00,6.00,AFR65SX,A319,F-GRHN,CDG,BHX,1648671960.0,F,AF1564,adsb_other,-1,-1,-1,-1.000,-1.0,-1.0,-1.00,-1.00,-1,null,null,-1.0,-1,-1,-1.00,null,-1.0,-1.0,-1,-1,-1,-1,1,259297
RTTFC,5023310,55.83467,-3.71080,4075,-320,0,53.25,192.20,RYR818,B738,EI-DYL,DUB,EDI,1648671969.2,X2,FR818,adsb_icao,4125,216,224,0.352,0.2,2.1,56.95,55.57,-352,none,A3,1014.4,4000,4000,61.17,,0.0,-9.4,73,32,-6,2,1,73648
RTTFC,4223215,54.65942,-6.22055,0,0,1,0.00,8.20,EXS3KV,B738,G-JZHK,PFO,BFS,1648671969.5,X2,EXS3KV,adsb_icao,-1,-1,-1,-1.000,-1.0,-1.0,-1.00,2.81,-1,none,A3,1014.0,3008,-1,-1.00,,0.0,-2.5,-1,-1,-1,-1,1,146829
RTTFC,7786225,51.16836,1.47621,24350,1472,0,104.58,488.70,SIA319,B77W,9V-SWQ,LHR,SIN,1648671969.2,X2,SQ319,adsb_icao,23625,322,450,0.756,-1.0,-0.2,104.94,105.96,1472,none,A5,1012.8,28000,-1,104.77,,0.1,-14.9,269,40,-40,-13,1,216371
RTTFC,4220171,51.60618,1.04530,6875,-1088,0,249.98,262.90,CFE557,E190,G-LCYO,DUB,LCY,1648671969.3,X2,CJ557,adsb_icao,6650,252,276,0.432,0.0,0.0,253.83,254.68,-1120,none,A3,1006.4,6016,6000,-1.00,autopilot|tcas,0.0,-9.0,316,26,-4,6,1,144288
RTTFC,4439958,54.84896,-1.42043,0,0,1,0.00,0.00,TXLU00,,,,,1648671968.4,X2,TXLU00,adsb_icao_nt,-1,-1,-1,-1.000,-1.0,-1.0,-1.00,-1.00,-1,,C0,-1.0,-1,-1,-1.00,,0.2,-22.7,-1,-1,-1,-1,1,72393
RTTFC,4509282,53.21544,-1.99041,7950,-1024,0,314.85,262.30,BEL18A,A319,OO-SSB,BRU,MAN,1648671969.2,X2,SN2183,adsb_icao,7700,248,272,0.432,-0.1,-0.4,318.87,318.50,-1024,none,A3,1013.6,7008,-1,239.77,,0.0,-2.6,17,20,-12,-2,1,142293
RTTFC,4030328,52.22146,-1.28815,6125,-896,0,268.47,187.10,FNK4,C208,D-FUNG,NUE,,1648671969.4,X2,FNK4,adsb_icao,5925,-1,-1,-1.000,-1.0,-1.0,-1.00,-1.00,-1,none,A1,1008.0,4992,-1,-1.00,,0.0,-11.6,-1,-1,-1,-1,1,245560
RTTFC,4344393,51.88418,0.22966,0,0,1,222.19,14.20,SERVICE VEH RANGER,,,,,1648671965.1,X2,SERVICE VEH,adsb_icao_nt,-1,-1,-1,-1.000,-1.0,-1.0,-1.00,-1.00,-1,,C2,-1.0,-1,-1,-1.00,,4.4,-24.1,-1,-1,-1,-1,1,268235
RTTFC,4196085,51.87403,0.22286,0,0,1,255.94,13.80,NPT11L,B733,G-JMCT,,,1648671969.5,X2,NPT11L,adsb_icao,-1,-1,-1,-1.000,-1.0,-1.0,-1.00,-1.00,-1,none,A3,-1.0,-1,-1,-1.00,,0.0,-12.3,-1,-1,-1,-1,1,119959
RTTFC,4439957,55.03681,-1.70989,0,0,1,0.00,0.00,TXLU01,,,,,1648671969.3,X2,TXLU01,adsb_icao_nt,-1,-1,-1,-1.000,-1.0,-1.0,-1.00,-1.00,-1,,C0,-1.0,-1,-1,-1.00,,0.2,-21.2,-1,-1,-1,-1,1,72392
RTTFC,4661139,51.88140,-0.37710,0,0,1,0.00,4.20,WZZ1NE,A320,HA-LYX,SOF,LTN,1648671952.6,X2,W64303,adsb_icao,-1,-1,-1,-1.000,-1.0,-1.0,-1.00,174.38,-1,none,A3,1013.0,23008,-1,-1.00,,5.6,-8.0,-1,-1,-1,-1,1,2407
RTTFC,4768430,53.28630,-2.32361,38625,896,0,97.70,485.40,RYR343J,B38M,SP-RZO,DUB,KRK,1648671969.4,X2,FR1901,adsb_icao,37375,244,450,0.784,0.0,0.2,96.86,96.34,896,none,A3,1013.6,39008,39008,94.92,,0.0,-10.9,294,37,-56,-30,1,110276
RTTFC,4198368,51.18855,-0.43841,30400,-2432,0,302.01,386.80,EZY96DR,A319,G-EZBO,BSL,BRS,1648671969.5,X2,U26084,adsb_icao,29625,270,418,0.724,-0.0,-0.5,301.46,301.85,-2432,none,A3,1013.6,22016,-1,0.00,,0.0,-6.1,300,31,-54,-31,1,122662
RTTFC,4661138,51.78881,0.23529,14900,1280,0,76.45,345.60,WZZ8768,A320,HA-LYW,LTN,TSR,1648671969.2,X2,W63502,adsb_icao,14450,257,312,0.512,0.0,0.2,75.23,75.80,1312,none,A3,1012.8,23008,-1,75.23,,0.0,-7.9,264,33,-29,-16,1,2823
RTTFC,4915339,52.12548,-0.31783,17000,-864,0,286.00,250.00,IMX358,AT72,HB-AFJ,MST,BHX,1648671968.2,X2,XM358,mlat,-1,237,-1,0.488,-1.0,-1.0,284.94,285.29,-1,,,1013.1,11008,11008,-1.00,,0.2,-7.5,-1,-1,-1,-1,1,257139
RTTFC,10497205,51.88415,0.24340,0,0,1,0.00,0.00,FDX5201,B763,N110FE,DUB,STN,1648671957.3,X2,FX5201,adsb_icao,-1,-1,-1,-1.000,-1.0,-1.0,-1.00,222.19,-1,none,A5,-1.0,-1,-1,-1.00,,0.7,-16.6,-1,-1,-1,-1,1,15049
RTTFC,10970421,51.88523,0.24672,0,0,1,0.00,0.00,FDX9,MD11,N576FE,CDG,STN,1648671964.7,X2,FX9,adsb_icao,-1,-1,-1,-1.000,-1.0,-1.0,-1.00,42.19,-1,none,A5,-1.0,-1,-1,-1.00,,3.0,-19.8,-1,-1,-1,-1,1,197094
RTTFC,4660729,53.32326,-3.07835,2550,0,0,86.01,129.30,WUK2393,A20N,HA-LJD,TIA,LPL,1648671969.3,X2,W96641,adsb_icao,2575,145,146,0.228,0.0,-0.2,81.56,80.78,0,none,A3,1011.2,2496,-1,120.23,,0.0,-5.5,49,21,-1,-1,1,2208
RTTFC,4442003,52.13491,-1.62208,40000,107,0,250.00,458.00,TYPHOO10,EUFI,ZK365,QCY,,1648671968.5,X2,TYPHOO10,mlat,-1,-1,-1,-1.000,-1.0,-1.0,-1.00,-1.00,-1,,,-1.0,-1,-1,-1.00,,0.0,-6.5,-1,-1,-1,-1,1,75146
RTTFC,4458013,53.25627,-5.88334,35375,832,0,172.91,461.50,EJU74PX,A319,OE-LQQ,BFS,PMI,1648671969.3,X2,U26711,adsb_icao,34325,243,414,0.724,-0.1,0.5,180.35,178.49,832,none,A3,1013.6,39008,-1,0.00,,0.0,-14.0,310,60,-58,-35,1,91081
RTTFC,4223206,53.05382,2.32643,40000,-64,0,289.56,403.30,EXS53R,B738,G-JZHS,PFO,,1648671969.5,X2,EXS53R,adsb_icao,38550,236,450,0.784,0.0,0.4,289.51,290.68,-64,none,A3,1013.6,40000,40000,288.98,,0.0,-11.1,300,47,-56,-30,1,147504
RTTFC,4661116,52.07818,1.45946,14375,-1024,0,285.92,309.90,WZZ1096,A320,HA-LYA,VNO,LTN,1648671969.3,X2,W68003,adsb_icao,13925,279,336,0.548,0.0,0.2,286.88,287.83,-1024,none,A3,1012.8,14016,-1,-1.00,,0.0,-11.2,308,28,-26,-11,1,2974
RTTFC,4224919,51.85277,-0.49468,2200,-704,0,74.12,113.30,EZY78PZ,A20N,G-UZLF,HRG,LTN,1648671969.4,X2,U22402,adsb_icao,2100,139,140,0.216,-0.3,-0.5,68.91,69.22,-704,none,A3,1006.4,3008,-1,0.00,,0.0,-3.7,48,28,-1,-1,1,148712
RTTFC,4661097,51.10509,-0.03754,6925,2368,0,170.27,278.00,WZZ9377,A321,HA-LXH,LGW,MXP,1648671969.5,X2,W65785,adsb_icao,6675,246,268,0.420,0.0,0.2,172.97,173.50,2400,none,A3,1012.8,10016,-1,-1.00,,0.0,-7.1,292,18,-5,4,1,2809
RTTFC,4219870,51.47387,-0.46282,0,0,1,0.00,0.00,BAW545,A320,G-EUYJ,BLQ,LHR,1648671922.5,X2,BA545,adsb_icao,-1,-1,-1,-1.000,-1.0,-1.0,-1.00,236.25,-1,none,A3,-1.0,-1,-1,-1.00,,47.0,-9.4,-1,-1,-1,-1,1,143476
RTTFC,4219433,55.67587,-2.98728,24975,64,0,180.00,348.00,EZY17BH,A320,G-EZTR,ABZ,MAN,1648671969.4,X2,U2328,adsb_icao,23775,225,318,0.544,0.1,1.4,183.52,182.44,96,none,A3,1013.6,24992,-1,0.00,,0.1,-8.9,336,33,-48,-35,1,143567
RTTFC,4743767,51.46479,-0.48705,0,0,1,0.00,5.20,KLM1028,E295,PH-NXA,LHR,AMS,1648671969.0,X2,KL1028,adsb_icao,-1,-1,-1,-1.000,-1.0,-1.0,-1.00,112.50,-1,none,A3,-1.0,-1,-1,-1.00,,0.5,-10.7,-1,-1,-1,-1,1,85036
RTTFC,4224316,55.61223,-4.18716,6925,-1536,0,285.52,261.50,EXS8DF,B738,G-JZBO,PFO,,1648671969.4,X2,EXS8DF,adsb_icao,6875,229,248,0.392,0.0,-0.4,295.14,293.60,-1536,none,A3,1015.2,4992,5008,295.31,,0.0,-8.6,40,38,-15,-7,1,148468
RTTFC,4222566,55.51007,-3.11088,38025,-832,0,335.03,402.60,EZY321Z,A320,G-EZOU,LGW,ABZ,1648671969.2,X2,U2873,adsb_icao,36625,240,438,0.760,-0.0,0.0,335.92,334.81,-800,none,A3,1013.6,26016,-1,0.00,,0.0,-11.2,332,35,-54,-29,1,146909
RTTFC,10733196,53.02514,-1.69464,32025,0,0,310.24,408.70,UPS238,B763,N342UP,STN,SDF,1648671969.5,X2,5X238,adsb_icao,30850,293,462,0.804,-0.1,-1.2,308.67,308.43,0,none,A5,1012.8,32000,-1,309.38,vnav|tcas,0.0,-8.2,295,55,-56,-28,1,251758
RTTFC,3425235,50.97144,0.02338,10175,2560,0,163.32,299.60,VLG1YL,A320,EC-LVO,LGW,BCN,1648671969.3,X2,VY7821,adsb_icao,9900,249,284,0.452,0.0,0.5,166.29,166.85,2592,none,A3,1012.8,28992,-1,-1.00,,0.0,-11.8,295,23,-13,-3,1,222816
RTTFC,5267258,53.30150,-2.38294,1850,-608,0,51.27,129.50,ELJ202,C56X,OM-YKS,,,1648671969.3,X2,ELJ202,adsb_icao,1875,154,154,0.240,0.0,-0.2,50.62,50.11,-640,none,A2,1010.4,3488,-1,52.03,,0.0,-6.9,44,25,-1,-1,1,26360
RTTFC,4222569,53.61832,-2.04565,32000,0,0,340.06,372.30,EZY391N,A320,G-EZOX,LTN,GLA,1648671969.5,X2,U277,adsb_icao,30775,258,412,0.716,0.1,2.1,335.04,334.60,32,none,A3,1012.8,32000,-1,334.69,,0.0,-11.1,294,54,-55,-33,1,146887
RTTFC,3984373,52.44951,-1.01738,25825,-1728,0,325.10,342.60,ECA3NT,C25B,D-CENT,MST,MAN,1648671969.3,X2,ECA3NT,adsb_icao,24850,273,388,0.668,0.0,0.0,320.10,320.16,-1664,none,A1,1012.8,20000,20000,319.92,,0.0,-11.8,288,55,-51,-31,1,199817
RTTFC,4660960,51.87483,-0.69359,4975,-1216,0,191.47,206.10,WZZ55BM,A320,HA-LSA,KTW,LTN,1648671969.2,X2,W61005,adsb_icao,4825,178,186,0.292,-2.0,-21.1,187.38,187.63,-1152,none,A3,1006.4,3008,-1,175.08,,0.2,-4.5,54,29,-1,-1,1,2621
RTTFC,4768421,51.38553,-2.71598,0,0,1,0.00,0.00,RYR7LC,B38M,SP-RZF,,,1648671965.1,X2,RYR7LC,adsb_icao,-1,-1,-1,-1.000,-1.0,-1.0,-1.00,357.19,-1,none,A3,-1.0,-1,-1,-1.00,,0.0,-2.0,-1,-1,-1,-1,1,109685
RTTFC,4441794,51.08889,-1.28054,1450,160,0,10.00,94.00,CARBON09,LYNX,ZZ408,,,1648671967.0,X2,CARBON09,mlat,-1,-1,-1,-1.000,-1.0,-1.0,-1.00,-1.00,-1,,A7,-1.0,-1,-1,-1.00,,0.5,-5.8,-1,-1,-1,-1,1,74333
RTTFC,4222441,55.71176,-5.25546,1000,0,0,0.00,0.70,CG199,A189,G-MCGT,,,1648671967.7,X2,CG199,adsb_icao,1250,-1,-1,-1.000,-1.0,-1.0,-1.00,-1.00,0,none,A7,1014.4,-1,-1,76.64,,0.3,-1.8,-1,-1,-1,-1,1,146047
RTTFC,4224615,51.13568,-0.28015,1425,-704,0,77.72,126.90,EZY82RB,A21N,G-UZMD,OPO,LGW,1648671969.4,X2,U28498,adsb_icao,1325,135,136,0.208,-0.2,0.0,71.02,71.47,-672,none,A3,1004.0,3008,-1,0.00,,0.0,-13.9,14,17,-1,-1,1,148424
RTTFC,5024209,53.00066,-1.34491,17450,-1472,0,339.33,283.20,RYR64CQ,B738,EI-EVI,CGN,MAN,1648671969.5,X2,FR1592,adsb_icao,16775,246,312,0.512,0.0,0.2,334.51,334.40,-1440,none,A3,1013.6,16000,8000,334.69,,0.0,-8.5,297,40,-29,-16,1,74924
RTTFC,5024210,51.01325,-3.21938,36975,0,0,188.96,449.50,RYR8ME,B738,EI-EVJ,MAN,AGP,1648671969.5,X2,FR3208,adsb_icao,36000,246,434,0.760,0.0,-0.2,196.70,196.14,0,none,A3,1013.6,36992,37008,198.28,,0.0,-6.7,298,57,-58,-34,1,74940
RTTFC,4921341,51.36229,-0.08652,8250,-512,0,297.34,230.80,SWR340V,BCS3,HB-JCF,ZRH,LHR,1648671969.5,X2,LX340,adsb_icao,7975,221,246,0.388,-0.0,-0.4,300.06,300.56,-512,none,A3,1012.8,8000,7008,300.23,,0.0,-13.3,340,20,-1,-1,1,263132
RTTFC,3958211,51.68871,1.14421,38025,0,0,287.12,400.80,DLH982,A20N,D-AINC,FRA,DUB,1648671969.4,X2,LH982,adsb_icao,36800,250,450,0.792,0.0,0.2,287.93,288.80,-32,none,A3,1012.8,38016,-1,-1.00,,0.0,-13.3,302,51,-61,-34,1,173675
RTTFC,4220251,53.86882,-1.65762,0,0,1,0.00,0.00,EXS25EH,B738,G-GDFD,LBA,,1648671963.4,X2,G-GDFD,adsb_icao,-1,-1,-1,-1.000,-1.0,-1.0,-1.00,-1.00,-1,none,A3,-1.0,-1,-1,-1.00,,0.9,-1.8,-1,-1,-1,-1,1,143857
RTTFC,4223905,50.63548,0.29663,23025,0,0,142.15,352.10,EZY47GB,A20N,G-UZHD,LGW,CDG,1648671969.5,X2,U28327,adsb_icao,22425,236,328,0.548,0.0,0.0,145.72,146.40,-32,none,A3,1012.8,23008,-1,-1.00,,0.0,-8.3,278,35,-37,-23,1,148005
RTTFC,4197592,55.51029,-3.65647,24700,2048,0,176.06,408.00,EZY37HU,A319,G-EZIY,EDI,LTN,1648671969.5,X2,U220,adsb_icao,23475,272,378,0.644,-0.1,-1.4,180.18,178.85,2848,none,A3,1013.6,28992,-1,180.00,,0.0,-15.0,327,34,-46,-27,1,121782
RTTFC,5023749,51.47324,-0.70854,29100,-3136,0,11.61,417.50,RYR21KP,B738,EI-EKG,FAO,EMA,1648671969.3,X2,FR1767,adsb_icao,28300,277,418,0.724,0.0,-0.5,9.14,9.41,-3104,none,A3,1013.6,22016,22000,9.14,,0.0,-14.8,289,16,-54,-31,1,74270
RTTFC,5022276,53.01090,-2.88862,23950,2304,0,182.91,413.50,RYR6RN,B738,EI-DCN,MAN,FAO,1648671969.4,X2,FR4052,adsb_icao,23100,284,396,0.664,0.0,0.0,195.29,194.62,2304,none,A3,1013.6,28000,39008,194.77,,0.0,-7.2,290,84,-39,-18,1,72964
RTTFC,7454577,51.31225,-0.36064,7825,2560,0,135.28,287.10,AAR522,A359,HL7771,LHR,ICN,1648671969.4,X2,OZ522,adsb_icao,7550,249,276,0.432,0.0,0.4,134.65,135.06,2624,none,A5,1013.6,15008,-1,135.00,,0.0,-11.2,317,10,-4,6,1,175724
RTTFC,4574795,53.42516,-6.26246,0,0,1,0.00,0.00,UPS249,B762,OY-SRK,DUB,CGN,1648671950.7,X2,5X249,adsb_icao,-1,-1,-1,-1.000,-1.0,-1.0,-1.00,95.62,-1,none,A5,-1.0,-1,-1,-1.00,,14.2,-17.3,-1,-1,-1,-1,1,207230
RTTFC,4224309,51.47450,-0.46057,0,0,1,0.00,3.20,GTTNE,A20N,G-TTNE,LHR,,1648671969.2,X2,GTTNE,adsb_icao,-1,-1,-1,-1.000,-1.0,-1.0,-1.00,-1.00,-1,none,A3,-1.0,-1,-1,-1.00,,0.3,-3.8,-1,-1,-1,-1,1,147918
RTTFC,4441823,50.79526,-2.10856,575,41,0,173.00,107.00,RASCAL05,LYNX,ZZ375,,,1648671968.5,X2,RASCAL05,mlat,-1,-1,-1,-1.000,-1.0,-1.0,-1.00,-1.00,-1,,A7,-1.0,-1,-1,-1.00,,0.0,-2.9,-1,-1,-1,-1,1,74538
RTTFC,5022409,51.15317,-0.16336,0,0,1,0.00,2.80,EIN24K,A320,EI-DEP,LGW,DUB,1648671931.9,X2,EI249,other,-1,-1,-1,-1.000,-1.0,-1.0,-1.00,258.75,-1,,,-1.0,-1,-1,-1.00,,13.0,-8.4,-1,-1,-1,-1,1,72504
RTTFC,5055158,52.58963,-2.09304,23700,2272,0,154.16,428.00,RYR11JX,A320,9H-LAX,LPL,PMI,1648671969.3,X2,FR9592,mlat,-1,282,394,0.660,0.0,0.5,162.42,162.09,2208,,,1013.0,31008,-1,-1.00,,0.2,-7.4,279,66,-38,-18,1,105833
RTTFC,3958215,51.73792,2.43019,35100,-2816,0,271.38,374.10,DLH2WA,A20N,D-AING,FRA,LHR,1648671969.4,X2,LH922,adsb_icao,33975,253,424,0.752,0.0,-0.4,271.93,273.22,-2816,none,A3,1012.8,28000,-1,-1.00,,0.0,-13.8,285,51,-64,-40,1,173637
RTTFC,5024800,53.42409,-6.04272,5600,2496,0,78.41,278.70,RYR558,B38M,EI-HGG,DUB,MAN,1648671969.5,X2,FR558,adsb_icao,5525,285,302,0.476,0.1,0.2,77.87,75.94,2464,none,A3,1013.6,12000,25008,78.05,,0.0,-4.6,47,25,-8,4,1,75249
RTTFC,4224178,53.49257,-3.90701,35000,64,0,136.73,445.00,EZY74BN,A320,G-EZRT,BFS,LGW,1648671969.5,X2,U2842,adsb_icao,33850,227,388,0.676,0.0,-0.4,139.92,138.79,32,none,A3,1013.6,35008,-1,139.92,,0.0,-8.9,302,59,-56,-36,1,148365
RTTFC,10529500,51.88494,0.23079,0,0,1,0.00,12.80,N142HQ,GLF4,N142HQ,,,1648671968.2,X2,N142HQ,adsb_icao,-1,-1,-1,-1.000,-1.0,-1.0,-1.00,222.19,-1,none,A2,-1.0,-1,-1,-1.00,,1.3,-16.1,-1,-1,-1,-1,1,47356
RTTFC,5046489,51.45621,0.68152,4750,-960,0,263.95,237.30,LGL4609,DH8D,LX-LQI,LUX,LCY,1648671969.2,X2,LG4609,adsb_icao,4525,231,244,0.380,0.1,0.7,266.31,267.06,-960,none,A2,1006.4,4000,-1,267.19,,0.0,-9.7,326,15,-1,-1,1,97082
RTTFC,5022959,51.95558,-4.19167,30000,64,0,307.14,341.20,RYR508R,B738,EI-DPK,BRS,DUB,1648671969.4,X2,FR509,adsb_icao,29175,248,382,0.664,0.0,0.4,309.90,308.88,32,none,A3,1013.6,24000,30000,312.19,,0.0,-8.7,323,42,-55,-36,1,73700
RTTFC,4440044,51.15440,-0.17527,0,0,1,0.00,0.00,SERVICE VEH LEADER3,,,,,1648671969.5,X2,SERVICE VEH,adsb_icao_nt,-1,-1,-1,-1.000,-1.0,-1.0,-1.00,-1.00,-1,,C2,-1.0,-1,-1,-1.00,,0.0,-11.9,-1,-1,-1,-1,1,72479
RTTFC,5055303,51.91687,1.68295,16800,-1024,0,279.37,307.10,RYR54DE,B38M,9H-VUH,BGY,STN,1648671969.5,X2,FR4193,adsb_icao,16250,269,338,0.552,0.0,0.2,278.79,279.83,-1024,none,A3,1013.6,11008,11008,279.84,,0.0,-8.7,284,31,-26,-11,1,105982
RTTFC,4220531,51.14841,-0.18846,0,-128,1,77.83,75.00,EZY71CU,A320,G-EZUZ,BCN,LGW,1648671964.6,X2,U28578,adsb_icao,350,133,132,0.204,-0.3,-1.4,74.00,75.94,-832,none,A3,1004.0,3008,-1,0.00,,4.9,-15.7,17,8,-1,-1,1,144289
RTTFC,4661080,52.03977,2.02172,31000,1088,0,78.29,472.80,WZZ20CJ,A320,HA-LWQ,LTN,CLJ,1648671969.5,X2,W63306,adsb_icao,29975,270,420,0.732,0.4,9.3,79.10,80.23,1088,none,A3,1012.8,36992,-1,85.08,,0.0,-10.3,243,55,-56,-33,1,2894
RTTFC,4225019,53.38536,-1.95408,3025,64,0,97.43,116.00,UKP153,P68,G-POLX,DSA,,1648671969.3,X2,UKP153,adsb_icao,3000,131,134,0.208,-1.0,-0.7,88.59,88.22,-1,none,A1,1010.4,3008,-1,-1.00,,0.2,-7.7,45,27,-1,-1,1,148838
RTTFC,4222510,51.94913,0.24146,6175,0,0,267.02,250.30,EXS48JG,B738,G-JZHD,PFO,,1648671969.5,X2,EXS48JG,adsb_icao,5925,236,254,0.396,0.0,-0.4,270.53,271.09,32,none,A3,1006.4,6016,6000,270.00,,0.0,-14.8,347,18,-2,6,1,146633
RTTFC,11252478,51.73229,-1.51657,32000,0,0,290.65,442.40,FDX97,B77L,N853FD,CGN,IND,1648671969.2,X2,FX97,adsb_icao,31000,309,484,0.848,-1.0,0.2,291.62,291.58,32,none,A5,1012.8,32000,-1,293.20,,0.0,-8.8,301,42,-59,-28,1,188712
RTTFC,4694960,53.11249,2.57072,37000,0,0,45.52,471.00,NOZ5VA,B738,LN-ENN,LPA,OSL,1648671969.5,X2,DY1815,adsb_icao,35550,255,448,0.784,0.0,0.5,39.20,40.44,32,none,A3,1013.6,36992,37008,40.08,,0.0,-15.7,284,47,-58,-32,1,36740
RTTFC,4222668,51.20943,0.03823,11200,928,0,91.48,349.10,VIR364,B789,G-VFAN,LHR,LHE,1648671969.1,X2,VS364,adsb_icao,10850,288,332,0.532,0.0,0.2,90.00,90.55,960,none,A5,1012.8,18016,6000,90.00,autopilot|vnav|tcas,0.0,-11.2,290,17,-17,-2,1,146714
RTTFC,4220221,50.94179,-0.26703,7550,-1600,0,31.54,237.00,EZY86CB,A319,G-EZGN,JER,LGW,1648671969.4,X2,U2898,adsb_icao,7300,220,242,0.380,-2.0,-24.1,26.37,26.84,-1568,none,A3,1004.0,6016,-1,284.77,,0.0,-8.2,313,22,-11,-2,1,144095
RTTFC,4740238,51.69612,1.67709,28000,0,0,264.71,336.40,KLM1057,E75L,PH-EXL,AMS,BRS,1648671969.4,X2,KL1057,adsb_icao,27150,256,382,0.656,0.0,0.0,267.54,268.59,0,none,A3,1013.6,28000,28000,-1.00,autopilot|althold|tcas,0.1,-15.7,295,52,-50,-31,1,82102
RTTFC,4595626,51.57518,-0.82657,6875,-832,0,243.55,222.30,FIN7GR,A321,OH-LZU,HEL,LHR,1648671969.4,X2,AY1339,adsb_icao,6650,204,224,0.348,-2.0,-23.6,242.75,242.98,-832,none,A3,1006.4,4000,-1,180.00,,0.0,-9.2,166,10,-1,-1,1,228526
RTTFC,5025662,51.67378,0.52551,11300,-1216,0,263.39,260.70,SZS1501,A20N,EI-SIE,CPH,LHR,1648671969.5,X2,SK1501,adsb_icao,10900,248,288,0.460,-0.1,-0.2,266.31,266.99,-1216,none,A3,1013.6,8992,-1,0.00,,0.0,-11.0,297,32,-15,-4,1,76278
RTTFC,4915497,52.38803,-1.67538,1950,-480,0,326.25,128.00,IMX111,AT72,HB-ALL,QEF,BHX,1648671968.5,X2,XM111,mlat,-1,133,136,0.204,-1.0,1.9,336.27,336.12,-1,,,1007.8,3008,3008,-1.00,,0.0,-11.1,51,23,-1,-1,1,257215
RTTFC,5023975,53.64019,-4.73139,26750,-1024,0,275.48,366.70,RYR669,B738,EI-ENV,BHX,DUB,1648671969.4,X2,FR669,adsb_icao,25825,290,422,0.716,0.0,0.0,284.06,282.61,-1024,none,A3,1013.6,12992,8000,284.06,,0.0,-14.1,321,73,-44,-21,1,74709
RTTFC,4347980,51.45847,-0.44823,0,0,1,0.00,0.00,,TWR,TWR,,,1648671968.7,X2,TWR,adsb_icao_nt,-1,-1,-1,-1.000,-1.0,-1.0,-1.00,-1.00,-1,,,-1.0,-1,-1,-1.00,,0.8,-3.3,-1,-1,-1,-1,1,271586
RTTFC,4440255,52.38510,-0.50743,9950,0,0,222.63,256.90,JUKEBOX1,C130,ZH867,BZZ,,1648671969.5,X2,JUKEBOX1,adsb_icao,9550,230,260,0.416,0.0,-0.4,226.23,226.49,0,none,A3,1012.8,10000,10016,226.41,autopilot|althold|lnav,0.0,-3.7,304,18,-16,-7,1,73168
RTTFC,5023973,51.69228,2.38507,23975,-1024,0,303.74,304.30,RYR59LX,B738,EI-ENS,LUX,STN,1648671969.3,X2,FR2861,adsb_icao,23200,245,344,0.580,0.0,-0.5,300.94,302.22,-992,none,A3,1013.6,12000,22000,302.34,,0.0,-12.1,292,40,-41,-26,1,74673
RTTFC,9003931,51.46750,-0.46582,0,0,1,0.00,0.00,UAE4CK,A388,A6-EOB,LHR,,1648671967.1,X2,UAE4CK,adsb_icao,-1,-1,-1,-1.000,-1.0,-1.0,-1.00,90.00,-1,none,A5,-1.0,-1,-1,-1.00,,0.9,-6.0,-1,-1,-1,-1,1,268801
RTTFC,11108559,51.27918,-0.78077,0,0,1,126.56,0.90,N711LS,GLEX,N711LS,,,1648671965.0,X2,N711LS,adsb_icao,-1,-1,-1,-1.000,-1.0,-1.0,-1.00,126.56,-1,none,A3,-1.0,-1,-1,-1.00,,0.0,-23.9,-1,-1,-1,-1,1,44187
RTTFC,4347989,53.36179,-2.28376,0,0,1,0.00,0.00,,TWR,TWR,,,1648671969.3,X2,TWR,adsb_icao_nt,-1,-1,-1,-1.000,-1.0,-1.0,-1.00,-1.00,-1,,,-1.0,-1,-1,-1.00,,0.2,-11.2,-1,-1,-1,-1,1,271595
RTTFC,4347988,53.36636,-2.29089,0,0,1,0.00,0.00,,TWR,TWR,,,1648671968.4,X2,TWR,adsb_icao_nt,-1,-1,-1,-1.000,-1.0,-1.0,-1.00,-1.00,-1,,,-1.0,-1,-1,-1.00,,1.1,-18.5,-1,-1,-1,-1,1,271594
RTTFC,4744155,53.04822,1.43189,40000,0,0,281.51,401.10,KLM25Q,E295,PH-NXC,AMS,DUB,1648671969.5,X2,KL939,adsb_icao,38575,236,446,0.780,0.0,-0.2,283.71,284.57,0,none,A3,1013.6,40000,40000,-1.00,autopilot|vnav|tcas,0.0,-10.4,310,50,-58,-32,1,86101
RTTFC,4735332,55.65120,-3.22397,9150,-1344,0,306.45,271.00,KLM1293,B738,PH-BXL,AMS,EDI,1648671969.5,X2,KL1293,adsb_icao,8775,252,280,0.448,-0.1,-0.7,315.35,314.19,-1152,,A0,1014.2,4000,-1,-1.00,,0.0,-8.4,27,37,-16,-6,1,77173
RTTFC,5023799,53.42256,-1.73834,36025,0,0,282.70,404.90,EIN3LG,A320,EI-GAM,MUC,DUB,1648671969.5,X2,EI357,adsb_icao,34725,263,454,0.792,0.0,0.5,286.70,286.39,32,none,A3,1012.8,36000,22000,-1.00,,0.0,-9.8,313,56,-57,-30,1,74578
RTTFC,4440100,52.39565,-0.49601,9975,-73,0,224.00,261.00,JUKEBOX2,C130,ZH879,BZZ,,1648671969.1,X2,JUKEBOX2,mlat,-1,-1,-1,-1.000,-1.0,-1.0,-1.00,-1.00,-1,,,-1.0,-1,-1,-1.00,,0.1,-9.7,-1,-1,-1,-1,1,73020
RTTFC,4347979,51.47058,-0.44704,0,0,1,0.00,0.00,,,,,,1648671969.3,X2,,adsb_icao_nt,-1,-1,-1,-1.000,-1.0,-1.0,-1.00,-1.00,-1,,,-1.0,-1,-1,-1.00,,0.2,-8.1,-1,-1,-1,-1,1,271585
RTTFC,4219189,52.49375,-0.75649,27425,1792,0,329.45,379.70,EZY574T,A319,G-EZFT,STN,EDI,1648671969.5,X2,U2241,adsb_icao,26475,285,418,0.716,-0.0,-0.2,325.02,325.17,1824,none,A3,1013.6,32000,-1,324.84,,0.0,-4.5,289,48,-49,-26,1,143503
RTTFC,11284713,51.95053,-0.07730,8650,2752,0,257.54,273.40,FDX1,B77L,N885FD,STN,MEM,1648671969.5,X2,FX1,adsb_icao,8300,251,-1,0.444,-1.0,-1.0,259.98,260.43,2752,none,A5,1012.8,16000,-1,260.16,,0.0,-10.5,-1,-1,-1,-1,1,220745
RTTFC,9003375,53.95583,-0.74283,32000,0,0,325.25,433.30,UAE88WV,B77L,A6-EFI,AMS,ORD,1648671969.5,X2,EK9987,adsb_icao,30625,301,476,0.832,-1.0,0.0,322.21,322.21,-32,none,A5,1012.8,32000,-1,-1.00,,0.0,-9.2,294,49,-58,-28,1,269003
RTTFC,5023410,53.67226,-5.32288,15225,-960,0,274.26,255.70,EAI29MU,,,MAN,DUB,1648671969.3,X2,EAI29MU,adsb_icao,14700,228,436,0.456,0.1,0.7,282.83,281.14,-928,none,A2,1013.6,8000,-1,-1.00,,0.0,-6.7,-1,-1,329,354,1,74032
RTTFC,4219472,51.92404,0.78926,22675,1728,0,67.74,459.20,BAW86LG,A320,G-EUYI,LHR,BLL,1648671969.3,X2,BA806,adsb_icao,21975,305,416,0.696,0.0,-0.2,65.04,65.78,1760,none,A3,1012.8,39008,-1,64.69,,0.0,-15.9,266,46,-38,-15,1,143604
RTTFC,5023805,53.06522,-2.01222,11600,-2496,0,99.94,318.80,BCS7PE,B734,EI-HAA,SNN,EMA,1648671969.2,X2,BCS7PE,adsb_icao,11175,268,308,0.496,0.0,0.4,99.84,99.49,-2496,none,A3,1013.6,11008,10000,99.84,,0.0,-4.6,293,11,-19,-7,1,74315
RTTFC,4224099,55.86752,-4.42811,0,0,1,0.00,0.00,GTTNB,A20N,G-TTNB,GLA,,1648671966.5,X2,GTTNB,adsb_icao,-1,-1,-1,-1.000,-1.0,-1.0,-1.00,-1.00,-1,none,A3,-1.0,-1,-1,-1.00,,1.0,-16.1,-1,-1,-1,-1,1,147705
RTTFC,11138091,51.70208,-2.69630,43025,224,0,291.97,435.60,GRP74,GLF5,N740SS,,,1648671969.5,X2,GRP74,adsb_icao,42050,236,476,0.832,-0.1,-1.6,298.30,297.84,64,none,A3,1013.2,-1,-1,-1.00,,0.0,-13.9,344,61,-58,-28,1,74319
RTTFC,4574792,52.83098,-1.31326,0,-64,1,88.67,8.80,SRR6565,B762,OY-SRH,EDI,EMA,1648671969.5,X2,DJ6565,adsb_icao,475,-1,-1,-1.000,-1.0,-1.0,-1.00,151.88,-1,none,A5,1008.0,3008,3008,87.89,,0.0,-3.8,-1,-1,-1,-1,1,207323
RTTFC,5024341,53.55672,-3.31989,16000,64,0,297.44,234.40,EAI19MB,AT76,EI-GPP,MAN,BHD,1648671969.5,X2,EAI19MB,adsb_icao,15350,220,346,0.444,-0.4,-8.3,299.00,298.10,32,none,A2,1013.6,16000,-1,-1.00,,0.0,-8.5,299,120,142,157,1,74965
RTTFC,4196827,51.46654,-0.48147,0,0,1,0.00,5.20,BAW858,A320,G-EUUN,LHR,PRG,1648671960.5,X2,BA858,adsb_icao,-1,-1,-1,-1.000,-1.0,-1.0,-1.00,270.00,-1,none,A3,-1.0,-1,-1,-1.00,,8.4,-3.1,-1,-1,-1,-1,1,120438
RTTFC,5022335,53.29523,0.28321,36000,0,0,280.99,388.10,EIN611,A320,EI-DEK,AMS,DUB,1648671969.5,X2,EI611,adsb_icao,34675,250,434,0.756,0.0,0.2,283.36,283.80,-32,none,A3,1012.8,36000,27008,-1.00,,0.0,-12.5,306,50,-56,-31,1,73096
RTTFC,5023817,50.39548,-3.07610,40000,64,0,358.21,417.20,RYR731L,B738,EI-EMA,BCN,LPL,1648671969.2,X2,FR9145,adsb_icao,39050,232,440,0.772,0.0,-0.4,357.89,357.45,64,none,A3,1013.6,40000,40000,357.19,,0.0,-7.9,344,24,-59,-34,1,74685
RTTFC,4440350,51.13134,-1.56963,900,-306,0,355.00,53.00,AAC739,GAZL,XZ334,,,1648671968.5,X2,AAC739,mlat,-1,-1,-1,-1.000,-1.0,-1.0,-1.00,-1.00,-1,,A7,-1.0,-1,-1,-1.00,,0.7,-16.8,-1,-1,-1,-1,1,73193
RTTFC,4197777,55.86643,-4.43221,0,0,1,0.00,5.20,EZY46DY,A319,G-EZAG,GLA,LGW,1648671960.9,X2,U2888,adsb_icao,-1,-1,-1,-1.000,-1.0,-1.0,-1.00,343.12,-1,,A3,-1.0,-1,-1,-1.00,,8.6,-4.2,-1,-1,-1,-1,1,121388
RTTFC,5022307,55.66896,-4.72978,4800,-256,0,17.37,204.30,RYR5776,B738,EI-DHG,DUB,GLA,1648671969.5,X2,FR5776,adsb_icao,4850,218,228,0.360,-0.1,-0.9,26.54,24.77,-224,none,A3,1015.2,4000,-1,26.02,,0.0,-11.0,71,37,-1,-1,1,72621
RTTFC,5022286,52.00681,0.11948,9800,-960,0,41.58,248.60,RYR9DN,B738,EI-DCX,FAO,STN,1648671969.3,X2,FR9283,adsb_icao,9475,220,250,0.400,-0.1,-0.9,40.25,40.76,-960,none,A3,1013.6,8000,8000,40.08,,0.0,-8.4,332,4,-16,-8,1,72668
RTTFC,4224371,53.70485,-1.89312,31000,0,0,11.44,428.50,EZY838A,A320,G-EZRX,BHX,EDI,1648671969.5,X2,U2504,adsb_icao,29800,286,444,0.772,0.0,-0.5,5.10,4.70,32,none,A3,1012.8,31008,-1,4.92,,0.0,-14.0,295,54,-55,-29,1,148416
RTTFC,4224372,53.91257,-4.43204,10000,3392,0,157.87,294.70,EZY46QM,A320,G-EZRY,IOM,LGW,1648671969.5,X2,U2856,adsb_icao,9750,250,280,0.452,0.1,0.4,158.55,157.17,3392,none,A3,1013.6,24992,-1,0.00,,0.0,-10.2,351,15,-20,-10,1,148429
RTTFC,4221730,51.59972,-0.32662,8625,-576,0,259.90,222.40,BAW907,A388,G-XLEI,FRA,LHR,1648671969.3,X2,BA907,adsb_icao,8325,210,234,0.372,-0.1,0.0,264.55,264.95,-608,none,A5,1013.6,8000,-1,265.08,,0.1,-7.8,323,23,-1,-1,1,145817
RTTFC,5054747,51.32251,0.02945,0,0,1,0.00,0.10,VJT929,GLEX,9H-VJS,BQH,LIS,1648671950.1,X2,VJT929,adsb_icao,-1,-1,-1,-1.000,-1.0,-1.0,-1.00,258.75,-1,none,A3,-1.0,-1,-1,-1.00,,4.6,-17.5,-1,-1,-1,-1,1,104840
RTTFC,4459463,53.41681,-3.90093,33225,960,0,92.99,459.60,BCS2881,B752,OE-LNK,DUB,LEJ,1648671969.0,X2,QY2881,adsb_icao,32075,252,418,0.720,-0.0,0.4,90.35,89.23,960,none,A4,1013.6,34016,-1,90.70,tcas,0.0,-13.1,305,51,-51,-28,1,92449
RTTFC,5054634,53.42262,-6.29313,350,-608,0,95.34,107.50,VJT775,GLEX,9H-IGH,RSW,DUB,1648671969.5,X2,VJT775,adsb_icao,500,116,-1,0.176,-1.0,-1.0,94.92,92.90,-640,none,A3,1012.0,2016,-1,94.22,,0.0,-19.2,-1,-1,-1,-1,1,104929
RTTFC,4196662,55.88564,-3.44224,34975,-2176,0,336.53,414.30,SHT18V,A319,G-EUOA,LHR,ABZ,1648671969.5,X2,BA1314,adsb_icao,33525,264,452,0.780,-0.0,0.0,339.61,338.32,-2208,none,A3,1012.8,26016,-1,-1.00,,0.0,-10.0,356,38,-52,-25,1,121018
RTTFC,4196819,54.65079,2.29847,18000,224,0,181.61,320.10,TASMAN71,FA20,G-FRAS,MME,,1648671969.2,X2,TASMAN71,adsb_icao,17050,250,312,0.528,-1.0,27.4,184.57,185.62,0,none,A2,1012.8,18016,-1,-1.00,,0.3,-13.4,282,51,-43,-30,1,120926
RTTFC,7867807,51.46755,-0.48473,0,0,1,0.00,6.20,CES7552,B77W,B-2023,LHR,PVG,1648671959.6,X2,MU7552,adsb_icao,-1,-1,-1,-1.000,-1.0,-1.0,-1.00,185.62,-1,none,A5,-1.0,-1,-1,-1.00,,3.4,-7.1,-1,-1,-1,-1,1,6196
RTTFC,11181935,50.72802,-3.18253,34250,-2304,0,95.97,499.70,AAL142,B772,N784AN,JFK,LHR,1648671969.2,X2,AA142,adsb_icao,33375,287,472,0.832,-1.0,0.4,95.27,94.76,-2304,none,A5,1012.8,27008,-1,94.22,,0.0,-12.1,296,30,-61,-32,1,118031
RTTFC,4224649,54.51970,-6.44679,4225,-640,0,334.46,199.50,EZY621Q,A20N,G-UZHU,MAN,BFS,1648671969.3,X2,U2137,adsb_icao,4300,200,210,0.328,1.8,18.6,345.41,343.14,-608,none,A3,1014.4,2496,-1,0.00,,0.0,-5.1,56,43,-1,-1,1,148788
RTTFC,5023933,50.79758,1.21926,37975,0,0,297.93,412.00,EIN40W,A320,EI-DVK,FCO,DUB,1648671969.1,X2,EI407,adsb_icao,36900,248,446,0.784,0.1,0.9,295.84,296.80,0,none,A3,1012.8,38016,37008,300.23,,0.0,-9.5,283,35,-60,-34,1,74735
RTTFC,7613122,51.15431,1.87896,30175,1088,0,101.29,495.60,JAV4496,A332,JY-JVB,LHR,ISB,1648671969.5,X2,R54496,adsb_icao,29275,298,454,0.788,0.0,-0.2,103.36,104.50,1088,none,A5,1012.8,35008,-1,-1.00,,0.0,-8.9,250,49,-55,-27,1,43272
RTTFC,5024880,51.73080,-3.15995,21025,0,0,107.93,318.00,ABR6BN,AT72,EI-SON,SNN,CDG,1648671969.5,X2,ABR6BN,mlat,-1,205,278,0.460,-1.0,-0.5,105.12,104.50,-1,,,1012.8,21008,21008,-1.00,,0.0,-10.5,309,43,-33,-22,1,75398
RTTFC,5024071,52.97443,-2.15187,21475,1728,0,329.60,333.90,EIN27G,A320,EI-DVN,BHX,DUB,1648671969.2,X2,EI277,adsb_icao,20725,280,378,0.628,-0.0,1.4,324.84,324.44,1696,none,A3,1012.8,22016,22000,324.84,,0.0,-8.5,290,55,-35,-16,1,74826
